episode,step_in_ep,global_step,ee_x,ee_y,ee_z,tgt_x,tgt_y,tgt_z,distance
0,0,0,-0.4038858115673065,-0.0013493606820702553,0.6826910376548767,0.1147996261715889,-0.25207456946372986,0.16019657254219055,0.7777519822120667
0,1,1,-0.3651595711708069,0.030704129487276077,0.7032159566879272,0.1147996261715889,-0.25207456946372986,0.16019657254219055,0.7779425978660583
0,2,2,-0.30999675393104553,0.057347144931554794,0.7262436151504517,0.1147996261715889,-0.25207456946372986,0.16019657254219055,0.7724008560180664
0,3,3,-0.23830945789813995,0.07483633607625961,0.7470000386238098,0.1147996261715889,-0.25207456946372986,0.16019657254219055,0.7588775157928467
0,4,4,-0.1562492698431015,0.07352466881275177,0.7603169083595276,0.1147996261715889,-0.25207456946372986,0.16019657254219055,0.7345929145812988
0,5,5,-0.0695534273982048,0.051339682191610336,0.7620925903320312,0.1147996261715889,-0.25207456946372986,0.16019657254219055,0.698802649974823
0,6,6,0.010926266200840473,0.010638576000928879,0.7504416108131409,0.1147996261715889,-0.25207456946372986,0.16019657254219055,0.6543676257133484
0,7,7,0.07718881219625473,-0.043711572885513306,0.7260184288024902,0.1147996261715889,-0.25207456946372986,0.16019657254219055,0.6041391491889954
0,8,8,0.1247473955154419,-0.10587968677282333,0.6901218891143799,0.1147996261715889,-0.25207456946372986,0.16019657254219055,0.5498115420341492
0,9,9,0.15311123430728912,-0.17142069339752197,0.6438955068588257,0.1147996261715889,-0.25207456946372986,0.16019657254219055,0.4918713867664337
0,10,10,0.16660532355308533,-0.2328842133283615,0.5887196063995361,0.1147996261715889,-0.25207456946372986,0.16019657254219055,0.4320695400238037
0,11,11,0.16991935670375824,-0.28521600365638733,0.5264224410057068,0.1147996261715889,-0.25207456946372986,0.16019657254219055,0.3718304932117462
0,12,12,0.1649085134267807,-0.326765775680542,0.45908433198928833,0.1147996261715889,-0.25207456946372986,0.16019657254219055,0.3121275007724762
0,13,13,0.15344282984733582,-0.35645368695259094,0.38890933990478516,0.1147996261715889,-0.25207456946372986,0.16019657254219055,0.2543576955795288
0,14,14,0.13670523464679718,-0.37397798895835876,0.31812015175819397,0.1147996261715889,-0.25207456946372986,0.16019657254219055,0.20069916546344757
0,15,15,0.11619101464748383,-0.37948688864707947,0.24908624589443207,0.1147996261715889,-0.25207456946372986,0.16019657254219055,0.15536154806613922
0,16,16,0.09467656910419464,-0.3760261833667755,0.18840321898460388,0.1147996261715889,-0.25207456946372986,0.16019657254219055,0.12870335578918457
0,17,17,0.07617282122373581,-0.3666434586048126,0.13902217149734497,0.1147996261715889,-0.25207456946372986,0.16019657254219055,0.1227453276515007
0,18,18,0.06311503797769547,-0.35596540570259094,0.12076660990715027,0.1147996261715889,-0.25207456946372986,0.16019657254219055,0.12255335599184036
0,19,19,0.06933002918958664,-0.34604838490486145,0.12097981572151184,0.1147996261715889,-0.25207456946372986,0.16019657254219055,0.11151912808418274
0,20,20,0.07703529298305511,-0.33355775475502014,0.12950870394706726,0.1147996261715889,-0.25207456946372986,0.16019657254219055,0.09490732103586197
0,21,21,0.08711612969636917,-0.31845182180404663,0.14107269048690796,0.1147996261715889,-0.25207456946372986,0.16019657254219055,0.07441800087690353
0,22,22,0.09365362673997879,-0.30352509021759033,0.15051962435245514,0.1147996261715889,-0.25207456946372986,0.16019657254219055,0.05646196007728577
0,23,23,0.0989384576678276,-0.29073548316955566,0.15585529804229736,0.1147996261715889,-0.25207456946372986,0.16019657254219055,0.04201297089457512
0,24,24,0.10237900167703629,-0.28077781200408936,0.15934593975543976,0.1147996261715889,-0.25207456946372986,0.16019657254219055,0.031286925077438354
0,25,25,-0.3859095573425293,0.11299706250429153,0.6805588603019714,-0.059675730764865875,-0.2840995192527771,0.14065110683441162,0.7453956007957458
1,0,26,-0.3537757694721222,0.14022862911224365,0.6966499090194702,-0.059675730764865875,-0.2840995192527771,0.14065110683441162,0.7587383389472961
1,1,27,-0.29858508706092834,0.1570873111486435,0.7202783823013306,-0.059675730764865875,-0.2840995192527771,0.14065110683441162,0.7666102647781372
1,2,28,-0.2301495224237442,0.15483644604682922,0.7439410090446472,-0.059675730764865875,-0.2840995192527771,0.14065110683441162,0.7653005123138428
1,3,29,-0.15792368352413177,0.13328668475151062,0.7620130777359009,-0.059675730764865875,-0.2840995192527771,0.14065110683441162,0.7549533843994141
1,4,30,-0.09017785638570786,0.09481460601091385,0.7716937065124512,-0.059675730764865875,-0.2840995192527771,0.14065110683441162,0.7366960048675537
1,5,31,-0.030792424455285072,0.0407940149307251,0.7708783745765686,-0.059675730764865875,-0.2840995192527771,0.14065110683441162,0.7096312046051025
1,6,32,0.016392258927226067,-0.026036594063043594,0.757666826248169,-0.059675730764865875,-0.2840995192527771,0.14065110683441162,0.6731204986572266
1,7,33,0.047611091285943985,-0.1006460189819336,0.7310239672660828,-0.059675730764865875,-0.2840995192527771,0.14065110683441162,0.6274597644805908
1,8,34,0.060239508748054504,-0.17597204446792603,0.6917971968650818,-0.059675730764865875,-0.2840995192527771,0.14065110683441162,0.5743110775947571
1,9,35,0.05679471418261528,-0.2459878921508789,0.6413962244987488,-0.059675730764865875,-0.2840995192527771,0.14065110683441162,0.5155225992202759
1,10,36,0.04437613487243652,-0.305621474981308,0.5816481709480286,-0.059675730764865875,-0.2840995192527771,0.14065110683441162,0.45361700654029846
1,11,37,0.026495065540075302,-0.352784663438797,0.5146358013153076,-0.059675730764865875,-0.2840995192527771,0.14065110683441162,0.38988152146339417
1,12,38,0.005536811426281929,-0.3864589035511017,0.4426443874835968,-0.059675730764865875,-0.2840995192527771,0.14065110683441162,0.3254689872264862
1,13,39,-0.01660979352891445,-0.4061787724494934,0.36798256635665894,-0.059675730764865875,-0.2840995192527771,0.14065110683441162,0.261605829000473
1,14,40,-0.03729012608528137,-0.4120514988899231,0.293209433555603,-0.059675730764865875,-0.2840995192527771,0.14065110683441162,0.2003668248653412
1,15,41,-0.05566234886646271,-0.40488702058792114,0.22097401320934296,-0.059675730764865875,-0.2840995192527771,0.14065110683441162,0.1451120227575302
1,16,42,-0.0715901255607605,-0.3879983425140381,0.15599648654460907,-0.059675730764865875,-0.2840995192527771,0.14065110683441162,0.1056995689868927
1,17,43,-0.08177585154771805,-0.3692202866077423,0.11943122744560242,-0.059675730764865875,-0.2840995192527771,0.14065110683441162,0.09046680480241776
1,18,44,-0.0813073217868805,-0.35118505358695984,0.11949324607849121,-0.059675730764865875,-0.2840995192527771,0.14065110683441162,0.07359381765127182
1,19,45,-0.08046383410692215,-0.3323042690753937,0.11990489065647125,-0.059675730764865875,-0.2840995192527771,0.14065110683441162,0.0564468652009964
1,20,46,-0.08022290468215942,-0.3171486556529999,0.12021759897470474,-0.059675730764865875,-0.2840995192527771,0.14065110683441162,0.043954066932201385
1,21,47,-0.0791352167725563,-0.306498646736145,0.12029686570167542,-0.059675730764865875,-0.2840995192527771,0.14065110683441162,0.03598176687955856
1,22,48,-0.07729070633649826,-0.2981933355331421,0.12014126777648926,-0.059675730764865875,-0.2840995192527771,0.14065110683441162,0.030488956719636917
1,23,49,-0.05587390810251236,0.009729156270623207,0.7587464451789856,-0.06164930388331413,-0.07548872381448746,0.15324345231056213,0.6114975810050964
2,0,50,-0.019556675106287003,0.019138623028993607,0.7572300434112549,-0.06164930388331413,-0.07548872381448746,0.15324345231056213,0.612801730632782
2,1,51,0.05192362517118454,0.018765565007925034,0.7504939436912537,-0.06164930388331413,-0.07548872381448746,0.15324345231056213,0.6152160167694092
2,2,52,0.13990992307662964,0.00019931327551603317,0.7276049852371216,-0.06164930388331413,-0.07548872381448746,0.15324345231056213,0.6133889555931091
2,3,53,0.22299841046333313,-0.036974016577005386,0.6869441270828247,-0.06164930388331413,-0.07548872381448746,0.15324345231056213,0.6060892343521118
2,4,54,0.2860492765903473,-0.08720012754201889,0.6348859667778015,-0.06164930388331413,-0.07548872381448746,0.15324345231056213,0.594147264957428
2,5,55,0.32853591442108154,-0.1458730697631836,0.5738035440444946,-0.06164930388331413,-0.07548872381448746,0.15324345231056213,0.5779871940612793
2,6,56,0.3505355417728424,-0.2082585096359253,0.5049802660942078,-0.06164930388331413,-0.07548872381448746,0.15324345231056213,0.5578914880752563
2,7,57,0.352338582277298,-0.26944249868392944,0.43015384674072266,-0.06164930388331413,-0.07548872381448746,0.15324345231056213,0.5344935655593872
2,8,58,0.33500969409942627,-0.32443472743034363,0.35158106684684753,-0.06164930388331413,-0.07548872381448746,0.15324345231056213,0.5085766911506653
2,9,59,0.30084824562072754,-0.3688036799430847,0.27173087000846863,-0.06164930388331413,-0.07548872381448746,0.15324345231056213,0.4811209738254547
2,10,60,0.25328028202056885,-0.3989783823490143,0.19331972301006317,-0.06164930388331413,-0.07548872381448746,0.15324345231056213,0.45324641466140747
2,11,61,0.1971316933631897,-0.4134204685688019,0.13129140436649323,-0.06164930388331413,-0.07548872381448746,0.15324345231056213,0.42620107531547546
2,12,62,0.14308737218379974,-0.4188823699951172,0.12050141394138336,-0.06164930388331413,-0.07548872381448746,0.15324345231056213,0.40113380551338196
2,13,63,0.09111012518405914,-0.42605623602867126,0.120305135846138,-0.06164930388331413,-0.07548872381448746,0.15324345231056213,0.38382020592689514
2,14,64,0.0562395378947258,-0.42317503690719604,0.12124722450971603,-0.06164930388331413,-0.07548872381448746,0.15324345231056213,0.36852043867111206
2,15,65,0.02586117945611477,-0.4136843681335449,0.12125031650066376,-0.06164930388331413,-0.07548872381448746,0.15324345231056213,0.3507961630821228
2,16,66,0.0005374312167987227,-0.40080973505973816,0.12096016854047775,-0.06164930388331413,-0.07548872381448746,0.15324345231056213,0.33278095722198486
2,17,67,-0.018620869144797325,-0.3863096833229065,0.12034500390291214,-0.06164930388331413,-0.07548872381448746,0.15324345231056213,0.3155050277709961
2,18,68,-0.03307304158806801,-0.37076717615127563,0.12080204486846924,-0.06164930388331413,-0.07548872381448746,0.15324345231056213,0.2984265685081482
2,19,69,-0.043705057352781296,-0.3545338213443756,0.12094077467918396,-0.06164930388331413,-0.07548872381448746,0.15324345231056213,0.28148114681243896
2,20,70,-0.052192725241184235,-0.33737343549728394,0.12098973244428635,-0.06164930388331413,-0.07548872381448746,0.15324345231056213,0.26403284072875977
2,21,71,-0.05915064737200737,-0.31979531049728394,0.12098696827888489,-0.06164930388331413,-0.07548872381448746,0.15324345231056213,0.24643951654434204
2,22,72,-0.06465525180101395,-0.3021109998226166,0.1209230124950409,-0.06164930388331413,-0.07548872381448746,0.15324345231056213,0.2289351522922516
2,23,73,-0.06893846392631531,-0.28430646657943726,0.12073923647403717,-0.06164930388331413,-0.07548872381448746,0.15324345231056213,0.21145805716514587
2,24,74,-0.07181327044963837,-0.26547807455062866,0.12047269940376282,-0.06164930388331413,-0.07548872381448746,0.15324345231056213,0.1930626481771469
2,25,75,-0.07467610388994217,-0.24550092220306396,0.12024886161088943,-0.06164930388331413,-0.07548872381448746,0.15324345231056213,0.17367351055145264
2,26,76,-0.076689213514328,-0.22495082020759583,0.11978276073932648,-0.06164930388331413,-0.07548872381448746,0.15324345231056213,0.1538984626531601
2,27,77,-0.08083204925060272,-0.2073708176612854,0.11978334933519363,-0.06164930388331413,-0.07548872381448746,0.15324345231056213,0.1374061405658722
2,28,78,-0.0833815485239029,-0.1945471614599228,0.12058383971452713,-0.06164930388331413,-0.07548872381448746,0.15324345231056213,0.12535490095615387
2,29,79,-0.08374343812465668,-0.18367108702659607,0.12107614427804947,-0.06164930388331413,-0.07548872381448746,0.15324345231056213,0.11500570178031921
2,30,80,-0.0820881798863411,-0.17222650349140167,0.12089311331510544,-0.06164930388331413,-0.07548872381448746,0.15324345231056213,0.10403119772672653
2,31,81,-0.0802198275923729,-0.16410058736801147,0.12081574648618698,-0.06164930388331413,-0.07548872381448746,0.15324345231056213,0.09616903215646744
2,32,82,-0.07919830828905106,-0.16343003511428833,0.1210075095295906,-0.06164930388331413,-0.07548872381448746,0.15324345231056213,0.09529321640729904
2,33,83,-0.07880161702632904,-0.16330111026763916,0.1210230141878128,-0.06164930388331413,-0.07548872381448746,0.15324345231056213,0.095096655189991
2,34,84,-0.07812874764204025,-0.16354410350322723,0.12095291912555695,-0.06164930388331413,-0.07548872381448746,0.15324345231056213,0.09522604942321777
2,35,85,-0.07776819169521332,-0.16363975405693054,0.12094394117593765,-0.06164930388331413,-0.07548872381448746,0.15324345231056213,0.09525587409734726
2,36,86,-0.07729711383581161,-0.16373366117477417,0.12092473357915878,-0.06164930388331413,-0.07548872381448746,0.15324345231056213,0.0952707827091217
2,37,87,-0.07706792652606964,-0.16376906633377075,0.12090890109539032,-0.06164930388331413,-0.07548872381448746,0.15324345231056213,0.09527159482240677
2,38,88,-0.07686234265565872,-0.1638309359550476,0.12089885771274567,-0.06164930388331413,-0.07548872381448746,0.15324345231056213,0.09529929608106613
2,39,89,-0.07668076455593109,-0.1638733446598053,0.12089917063713074,-0.06164930388331413,-0.07548872381448746,0.15324345231056213,0.09530969709157944
2,40,90,-0.07647763937711716,-0.1639135628938675,0.12089784443378448,-0.06164930388331413,-0.07548872381448746,0.15324345231056213,0.09531563520431519
2,41,91,-0.07635688781738281,-0.16394184529781342,0.12089084088802338,-0.06164930388331413,-0.07548872381448746,0.15324345231056213,0.0953255444765091
2,42,92,-0.07619338482618332,-0.1639738529920578,0.12088669836521149,-0.06164930388331413,-0.07548872381448746,0.15324345231056213,0.09533156454563141
2,43,93,-0.07609914988279343,-0.16399356722831726,0.12088003754615784,-0.06164930388331413,-0.07548872381448746,0.15324345231056213,0.09533780068159103
2,44,94,-0.07598626613616943,-0.16401419043540955,0.12087366729974747,-0.06164930388331413,-0.07548872381448746,0.15324345231056213,0.09534206986427307
2,45,95,-0.07589439302682877,-0.16403205692768097,0.12086736410856247,-0.06164930388331413,-0.07548872381448746,0.15324345231056213,0.09534702450037003
2,46,96,-0.07581096142530441,-0.16404934227466583,0.12085995078086853,-0.06164930388331413,-0.07548872381448746,0.15324345231056213,0.09535317122936249
2,47,97,-0.07573042064905167,-0.1640654355287552,0.12085383385419846,-0.06164930388331413,-0.07548872381448746,0.15324345231056213,0.09535826742649078
2,48,98,-0.07565420866012573,-0.16408082842826843,0.12084749341011047,-0.06164930388331413,-0.07548872381448746,0.15324345231056213,0.09536349773406982
2,49,99,-0.0755847916007042,-0.16409511864185333,0.12084145843982697,-0.06164930388331413,-0.07548872381448746,0.15324345231056213,0.0953686535358429
2,50,100,-0.07552186399698257,-0.16410718858242035,0.12083534151315689,-0.06164930388331413,-0.07548872381448746,0.15324345231056213,0.095372773706913
2,51,101,-0.07546184957027435,-0.164119690656662,0.12083012610673904,-0.06164930388331413,-0.07548872381448746,0.15324345231056213,0.09537745267152786
2,52,102,-0.07542087882757187,-0.1641264259815216,0.12082544714212418,-0.06164930388331413,-0.07548872381448746,0.15324345231056213,0.09537937492132187
2,53,103,-0.07537603378295898,-0.16413576900959015,0.12082172930240631,-0.06164930388331413,-0.07548872381448746,0.15324345231056213,0.09538286179304123
2,54,104,-0.07532572001218796,-0.16414567828178406,0.12081706523895264,-0.06164930388331413,-0.07548872381448746,0.15324345231056213,0.09538642317056656
2,55,105,-0.07529415190219879,-0.16415123641490936,0.12081322818994522,-0.06164930388331413,-0.07548872381448746,0.15324345231056213,0.09538837522268295
2,56,106,-0.07526466995477676,-0.16415713727474213,0.12081067264080048,-0.06164930388331413,-0.07548872381448746,0.15324345231056213,0.09539052098989487
2,57,107,-0.07524001598358154,-0.16416148841381073,0.1208084225654602,-0.06164930388331413,-0.07548872381448746,0.15324345231056213,0.09539180994033813
2,58,108,-0.07521627843379974,-0.16416539251804352,0.12080637365579605,-0.06164930388331413,-0.07548872381448746,0.15324345231056213,0.09539275616407394
2,59,109,-0.07520648837089539,-0.16416428983211517,0.12080154567956924,-0.06164930388331413,-0.07548872381448746,0.15324345231056213,0.09539198130369186
2,60,110,-0.07520628720521927,-0.16416236758232117,0.12080159783363342,-0.06164930388331413,-0.07548872381448746,0.15324345231056213,0.09539014846086502
2,61,111,-0.075191929936409,-0.16419030725955963,0.12078750133514404,-0.06164930388331413,-0.07548872381448746,0.15324345231056213,0.09541887789964676
2,62,112,-0.07517102360725403,-0.16420431435108185,0.1207796186208725,-0.06164930388331413,-0.07548872381448746,0.15324345231056213,0.0954316183924675
2,63,113,-0.07515367120504379,-0.1642107516527176,0.12077729403972626,-0.06164930388331413,-0.07548872381448746,0.15324345231056213,0.09543593227863312
2,64,114,-0.07513894140720367,-0.16421552002429962,0.12077566981315613,-0.06164930388331413,-0.07548872381448746,0.15324345231056213,0.09543883800506592
2,65,115,-0.07512625306844711,-0.16421900689601898,0.12077455222606659,-0.06164930388331413,-0.07548872381448746,0.15324345231056213,0.09544066339731216
2,66,116,-0.07511500269174576,-0.1642218977212906,0.12077350169420242,-0.06164930388331413,-0.07548872381448746,0.15324345231056213,0.09544212371110916
2,67,117,-0.07510508596897125,-0.16422432661056519,0.12077279388904572,-0.06164930388331413,-0.07548872381448746,0.15324345231056213,0.0954432263970375
2,68,118,-0.07509607821702957,-0.16422641277313232,0.1207723319530487,-0.06164930388331413,-0.07548872381448746,0.15324345231056213,0.09544404596090317
2,69,119,-0.0750885084271431,-0.16422834992408752,0.12077166140079498,-0.06164930388331413,-0.07548872381448746,0.15324345231056213,0.09544501453638077
2,70,120,-0.07508181035518646,-0.16422997415065765,0.12077108025550842,-0.06164930388331413,-0.07548872381448746,0.15324345231056213,0.09544578194618225
2,71,121,-0.07507549971342087,-0.16423143446445465,0.12077075988054276,-0.06164930388331413,-0.07548872381448746,0.15324345231056213,0.09544635564088821
2,72,122,-0.07507016509771347,-0.16423332691192627,0.12077009677886963,-0.06164930388331413,-0.07548872381448746,0.15324345231056213,0.0954475924372673
2,73,123,-0.07506533712148666,-0.16423501074314117,0.12076963484287262,-0.06164930388331413,-0.07548872381448746,0.15324345231056213,0.09544863551855087
2,74,124,-0.07506124675273895,-0.16423657536506653,0.12076913565397263,-0.06164930388331413,-0.07548872381448746,0.15324345231056213,0.09544968605041504
2,75,125,-0.07505746185779572,-0.1642380803823471,0.12076861411333084,-0.06164930388331413,-0.07548872381448746,0.15324345231056213,0.09545072913169861
2,76,126,-0.07505429536104202,-0.16423948109149933,0.12076812982559204,-0.06164930388331413,-0.07548872381448746,0.15324345231056213,0.09545175731182098
2,77,127,-0.07505130767822266,-0.16424092650413513,0.12076757848262787,-0.06164930388331413,-0.07548872381448746,0.15324345231056213,0.09545285999774933
2,78,128,-0.07504880428314209,-0.16424185037612915,0.12076728045940399,-0.06164930388331413,-0.07548872381448746,0.15324345231056213,0.09545347094535828
2,79,129,-0.07504677772521973,-0.16424289345741272,0.12076690047979355,-0.06164930388331413,-0.07548872381448746,0.15324345231056213,0.09545428305864334
2,80,130,-0.07504498958587646,-0.16424354910850525,0.12076675891876221,-0.06164930388331413,-0.07548872381448746,0.15324345231056213,0.09545469284057617
2,81,131,-0.07504325360059738,-0.16424433887004852,0.12076640874147415,-0.06164930388331413,-0.07548872381448746,0.15324345231056213,0.09545530378818512
2,82,132,-0.07504203170537949,-0.16424481570720673,0.12076617777347565,-0.06164930388331413,-0.07548872381448746,0.15324345231056213,0.09545565396547318
2,83,133,-0.07504064589738846,-0.1642453521490097,0.1207660436630249,-0.06164930388331413,-0.07548872381448746,0.15324345231056213,0.09545601159334183
2,84,134,-0.07503975182771683,-0.16424594819545746,0.12076590955257416,-0.06164930388331413,-0.07548872381448746,0.15324345231056213,0.09545648097991943
2,85,135,-0.07503902912139893,-0.16424626111984253,0.12076567858457565,-0.06164930388331413,-0.07548872381448746,0.15324345231056213,0.09545674920082092
2,86,136,-0.07503825426101685,-0.16424670815467834,0.1207655593752861,-0.06164930388331413,-0.07548872381448746,0.15324345231056213,0.09545709937810898
2,87,137,-0.07503771036863327,-0.16424690186977386,0.12076550722122192,-0.06164930388331413,-0.07548872381448746,0.15324345231056213,0.09545721858739853
2,88,138,-0.07503730803728104,-0.1642470806837082,0.12076564133167267,-0.06164930388331413,-0.07548872381448746,0.15324345231056213,0.0954572781920433
2,89,139,-0.07503696531057358,-0.16424745321273804,0.12076523154973984,-0.06164930388331413,-0.07548872381448746,0.15324345231056213,0.09545771777629852
2,90,140,-0.07503658533096313,-0.16424734890460968,0.12076535820960999,-0.06164930388331413,-0.07548872381448746,0.15324345231056213,0.0954575315117836
2,91,141,-0.07503627240657806,-0.16424761712551117,0.12076527625322342,-0.06164930388331413,-0.07548872381448746,0.15324345231056213,0.0954577624797821
2,92,142,-0.07503285259008408,-0.16424544155597687,0.12076658010482788,-0.06164930388331413,-0.07548872381448746,0.15324345231056213,0.09545481204986572
2,93,143,-0.07503201812505722,-0.16424661874771118,0.12076582759618759,-0.06164930388331413,-0.07548872381448746,0.15324345231056213,0.09545604884624481
2,94,144,-0.07503198832273483,-0.16424806416034698,0.12076535075902939,-0.06164930388331413,-0.07548872381448746,0.15324345231056213,0.09545755386352539
2,95,145,-0.07502887398004532,-0.16424621641635895,0.12076634913682938,-0.06164930388331413,-0.07548872381448746,0.15324345231056213,0.09545505791902542
2,96,146,-0.07502812147140503,-0.1642480343580246,0.12076538056135178,-0.06164930388331413,-0.07548872381448746,0.15324345231056213,0.09545697271823883
2,97,147,-0.07502155750989914,-0.16425220668315887,0.12076141685247421,-0.06164930388331413,-0.07548872381448746,0.15324345231056213,0.09546127915382385
2,98,148,-0.07502509653568268,-0.1642480194568634,0.12076540291309357,-0.06164930388331413,-0.07548872381448746,0.15324345231056213,0.09545652568340302
2,99,149,-0.07501859217882156,-0.1642526388168335,0.12076135724782944,-0.06164930388331413,-0.07548872381448746,0.15324345231056213,0.09546128660440445
2,100,150,-0.07502221316099167,-0.16424879431724548,0.12076523900032043,-0.06164930388331413,-0.07548872381448746,0.15324345231056213,0.09545689821243286
2,101,151,-0.07501623034477234,-0.16425374150276184,0.1207607164978981,-0.06164930388331413,-0.07548872381448746,0.15324345231056213,0.09546219557523727
2,102,152,-0.07502012699842453,-0.16424942016601562,0.12076520919799805,-0.06164930388331413,-0.07548872381448746,0.15324345231056213,0.09545719623565674
2,103,153,-0.0750141590833664,-0.16425473988056183,0.12076032906770706,-0.06164930388331413,-0.07548872381448746,0.15324345231056213,0.09546296298503876
2,104,154,-0.07501819729804993,-0.16425003111362457,0.1207648441195488,-0.06164930388331413,-0.07548872381448746,0.15324345231056213,0.09545762091875076
2,105,155,-0.07501929998397827,-0.16425250470638275,0.12076348811388016,-0.06164930388331413,-0.07548872381448746,0.15324345231056213,0.09546053409576416
2,106,156,-0.07501707971096039,-0.16425026953220367,0.12076479941606522,-0.06164930388331413,-0.07548872381448746,0.15324345231056213,0.09545769542455673
2,107,157,-0.07501804083585739,-0.16425153613090515,0.12076396495103836,-0.06164930388331413,-0.07548872381448746,0.15324345231056213,0.09545929729938507
2,108,158,-0.07501225918531418,-0.16425606608390808,0.12075971812009811,-0.06164930388331413,-0.07548872381448746,0.15324345231056213,0.09546414017677307
2,109,159,-0.07501661777496338,-0.1642507016658783,0.12076450884342194,-0.06164930388331413,-0.07548872381448746,0.15324345231056213,0.09545813500881195
2,110,160,-0.07501792162656784,-0.16425320506095886,0.12076304107904434,-0.06164930388331413,-0.07548872381448746,0.15324345231056213,0.09546114504337311
2,111,161,-0.0750192329287529,-0.16425399482250214,0.12076278030872345,-0.06164930388331413,-0.07548872381448746,0.15324345231056213,0.09546215087175369
2,112,162,-0.07501373440027237,-0.16425657272338867,0.12075938284397125,-0.06164930388331413,-0.07548872381448746,0.15324345231056213,0.09546493738889694
2,113,163,-0.07501805573701859,-0.1642504632472992,0.12076473236083984,-0.06164930388331413,-0.07548872381448746,0.15324345231056213,0.09545803815126419
2,114,164,-0.0750192329287529,-0.1642528921365738,0.12076312303543091,-0.06164930388331413,-0.07548872381448746,0.15324345231056213,0.09546101093292236
2,115,165,-0.07501375675201416,-0.1642562597990036,0.1207594946026802,-0.06164930388331413,-0.07548872381448746,0.15324345231056213,0.09546460956335068
2,116,166,-0.07501773536205292,-0.16425064206123352,0.12076448649168015,-0.06164930388331413,-0.07548872381448746,0.15324345231056213,0.09545823931694031
2,117,167,-0.0750189870595932,-0.16425256431102753,0.12076351791620255,-0.06164930388331413,-0.07548872381448746,0.15324345231056213,0.09546053409576416
2,118,168,-0.0750168114900589,-0.16425032913684845,0.12076481431722641,-0.06164930388331413,-0.07548872381448746,0.15324345231056213,0.09545771777629852
2,119,169,-0.07501768320798874,-0.16425172984600067,0.12076389789581299,-0.06164930388331413,-0.07548872381448746,0.15324345231056213,0.0954594537615776
2,120,170,-0.07501894980669022,-0.1642533540725708,0.12076298892498016,-0.06164930388331413,-0.07548872381448746,0.15324345231056213,0.09546144306659698
2,121,171,-0.07501666247844696,-0.16425049304962158,0.12076479196548462,-0.06164930388331413,-0.07548872381448746,0.15324345231056213,0.09545785188674927
2,122,172,-0.07501760125160217,-0.16425184905529022,0.12076389789581299,-0.06164930388331413,-0.07548872381448746,0.15324345231056213,0.09545954316854477
2,123,173,-0.0750119611620903,-0.16425620019435883,0.12075980752706528,-0.06164930388331413,-0.07548872381448746,0.15324345231056213,0.09546419978141785
2,124,174,-0.07501620054244995,-0.16425105929374695,0.1207643374800682,-0.06164930388331413,-0.07548872381448746,0.15324345231056213,0.09545847028493881
2,125,175,-0.07501738518476486,-0.16425347328186035,0.12076309323310852,-0.06164930388331413,-0.07548872381448746,0.15324345231056213,0.09546130150556564
2,126,176,-0.07501896470785141,-0.16425380110740662,0.12076285481452942,-0.06164930388331413,-0.07548872381448746,0.15324345231056213,0.095461905002594
2,127,177,-0.07502030581235886,-0.16425371170043945,0.12076283246278763,-0.06164930388331413,-0.07548872381448746,0.15324345231056213,0.09546201676130295
2,128,178,-0.07501808553934097,-0.1642502099275589,0.12076475471258163,-0.06164930388331413,-0.07548872381448746,0.15324345231056213,0.09545779973268509
2,129,179,-0.07501882314682007,-0.16425134241580963,0.1207641065120697,-0.06164930388331413,-0.07548872381448746,0.15324345231056213,0.09545917809009552
2,130,180,-0.07501652836799622,-0.16425026953220367,0.1207648292183876,-0.06164930388331413,-0.07548872381448746,0.15324345231056213,0.09545760601758957
2,131,181,-0.07501745969057083,-0.16425183415412903,0.12076404690742493,-0.06164930388331413,-0.07548872381448746,0.15324345231056213,0.0954594612121582
2,132,182,-0.07501876354217529,-0.16425354778766632,0.1207628846168518,-0.06164930388331413,-0.07548872381448746,0.15324345231056213,0.0954616367816925
2,133,183,-0.07502005994319916,-0.16425377130508423,0.12076286226511002,-0.06164930388331413,-0.07548872381448746,0.15324345231056213,0.09546203166246414
2,134,184,-0.07501783221960068,-0.1642502397298813,0.12076489627361298,-0.06164930388331413,-0.07548872381448746,0.15324345231056213,0.09545774757862091
2,135,185,-0.07501862198114395,-0.16425156593322754,0.12076405435800552,-0.06164930388331413,-0.07548872381448746,0.15324345231056213,0.09545937180519104
2,136,186,-0.07501626759767532,-0.16425026953220367,0.12076473236083984,-0.06164930388331413,-0.07548872381448746,0.15324345231056213,0.09545760601758957
2,137,187,-0.0750172808766365,-0.16425193846225739,0.1207638829946518,-0.06164930388331413,-0.07548872381448746,0.15324345231056213,0.09545958787202835
2,138,188,-0.07501865178346634,-0.16425350308418274,0.12076309323310852,-0.06164930388331413,-0.07548872381448746,0.15324345231056213,0.09546150267124176
2,139,189,-0.07501634955406189,-0.1642507165670395,0.1207645907998085,-0.06164930388331413,-0.07548872381448746,0.15324345231056213,0.09545808285474777
2,140,190,-0.07501717656850815,-0.1642518937587738,0.12076392769813538,-0.06164930388331413,-0.07548872381448746,0.15324345231056213,0.09545952081680298
2,141,191,-0.07501869648694992,-0.16425345838069916,0.12076281756162643,-0.06164930388331413,-0.07548872381448746,0.15324345231056213,0.09546156227588654
2,142,192,-0.07501637935638428,-0.1642506718635559,0.12076467275619507,-0.06164930388331413,-0.07548872381448746,0.15324345231056213,0.0954580157995224
2,143,193,-0.0750172808766365,-0.16425183415412903,0.12076403200626373,-0.06164930388331413,-0.07548872381448746,0.15324345231056213,0.09545944631099701
2,144,194,-0.07501862943172455,-0.16425366699695587,0.12076307833194733,-0.06164930388331413,-0.07548872381448746,0.15324345231056213,0.0954616591334343
2,145,195,-0.075019970536232,-0.16425395011901855,0.12076269090175629,-0.06164930388331413,-0.07548872381448746,0.15324345231056213,0.09546224027872086
2,146,196,-0.07501436769962311,-0.164256289601326,0.12075947225093842,-0.06164930388331413,-0.07548872381448746,0.15324345231056213,0.09546472877264023
2,147,197,-0.07501822710037231,-0.16425049304962158,0.12076468765735626,-0.06164930388331413,-0.07548872381448746,0.15324345231056213,0.09545810520648956
2,148,198,-0.07501965016126633,-0.16425257921218872,0.12076340615749359,-0.06164930388331413,-0.07548872381448746,0.15324345231056213,0.0954606756567955
2,149,199,-0.07501741498708725,-0.16425026953220367,0.12076468765735626,-0.02892611175775528,-0.3069584369659424,0.23233196139335632,0.18691517412662506
2,150,200,-0.07369649410247803,-0.1644667536020279,0.12075551599264145,-0.02892611175775528,-0.3069584369659424,0.23233196139335632,0.1864338219165802
2,151,201,-0.06669881194829941,-0.16863374412059784,0.12075501680374146,-0.02892611175775528,-0.3069584369659424,0.23233196139335632,0.18168629705905914
2,152,202,-0.06230505183339119,-0.1747133433818817,0.12073318660259247,-0.02892611175775528,-0.3069584369659424,0.23233196139335632,0.1762305498123169
2,153,203,-0.057682882994413376,-0.18395407497882843,0.12069723755121231,-0.02892611175775528,-0.3069584369659424,0.23233196139335632,0.16858035326004028
2,154,204,-0.052593350410461426,-0.20139868557453156,0.1205911934375763,-0.02892611175775528,-0.3069584369659424,0.23233196139335632,0.15552812814712524
2,155,205,-0.04610082134604454,-0.2288040965795517,0.12914574146270752,-0.02892611175775528,-0.3069584369659424,0.23233196139335632,0.1305774450302124
2,156,206,-0.03978502377867699,-0.25332432985305786,0.1550959050655365,-0.02892611175775528,-0.3069584369659424,0.23233196139335632,0.09465696662664413
2,157,207,-0.03545032814145088,-0.2680407762527466,0.18408769369125366,-0.02892611175775528,-0.3069584369659424,0.23233196139335632,0.06232703477144241
2,158,208,-0.029334962368011475,-0.27686575055122375,0.20424580574035645,-0.02892611175775528,-0.3069584369659424,0.23233196139335632,0.04116514325141907
2,159,209,-0.0227925106883049,-0.28436100482940674,0.2106476128101349,-0.02892611175775528,-0.3069584369659424,0.23233196139335632,0.03191357105970383
2,160,210,-0.3537609577178955,-0.01249904278665781,0.6867234110832214,-0.1655893474817276,-0.14623641967773438,0.14724543690681458,0.5867969989776611
3,0,211,-0.3319784998893738,0.02067132666707039,0.7073149681091309,-0.1655893474817276,-0.14623641967773438,0.14724543690681458,0.6076359748840332
3,1,212,-0.28133848309516907,0.04680873826146126,0.7358059287071228,-0.1655893474817276,-0.14623641967773438,0.14724543690681458,0.6301330924034119
3,2,213,-0.213753342628479,0.05667243152856827,0.7612496018409729,-0.1655893474817276,-0.14623641967773438,0.14724543690681458,0.6484541893005371
3,3,214,-0.13366223871707916,0.04716748371720314,0.7787469029426575,-0.1655893474817276,-0.14623641967773438,0.14724543690681458,0.6612249612808228
3,4,215,-0.05138220265507698,0.017577024176716805,0.782202959060669,-0.1655893474817276,-0.14623641967773438,0.14724543690681458,0.665619432926178
3,5,216,0.023352963849902153,-0.029568564146757126,0.7697468400001526,-0.1655893474817276,-0.14623641967773438,0.14724543690681458,0.6609224677085876
3,6,217,0.08327313512563705,-0.0893181636929512,0.7422314286231995,-0.1655893474817276,-0.14623641967773438,0.14724543690681458,0.6474415063858032
3,7,218,0.12440988421440125,-0.15608546137809753,0.7015373706817627,-0.1655893474817276,-0.14623641967773438,0.14724543690681458,0.6256486177444458
3,8,219,0.14625942707061768,-0.2254529446363449,0.6490446329116821,-0.1655893474817276,-0.14623641967773438,0.14724543690681458,0.596093475818634
3,9,220,0.14861688017845154,-0.29213789105415344,0.586456298828125,-0.1655893474817276,-0.14623641967773438,0.14724543690681458,0.5593916177749634
3,10,221,0.13313768804073334,-0.3505985736846924,0.5158805847167969,-0.1655893474817276,-0.14623641967773438,0.14724543690681458,0.516617476940155
3,11,222,0.10288287699222565,-0.39614132046699524,0.43991294503211975,-0.1655893474817276,-0.14623641967773438,0.14724543690681458,0.469237744808197
3,12,223,0.06156810745596886,-0.4255506992340088,0.361385315656662,-0.1655893474817276,-0.14623641967773438,0.14724543690681458,0.41889479756355286
3,13,224,0.013506375253200531,-0.4370173513889313,0.2830280065536499,-0.1655893474817276,-0.14623641967773438,0.14724543690681458,0.36751291155815125
3,14,225,-0.03665206953883171,-0.43013203144073486,0.2073986679315567,-0.1655893474817276,-0.14623641967773438,0.14724543690681458,0.3175530731678009
3,15,226,-0.08439652621746063,-0.4061356782913208,0.14109504222869873,-0.1655893474817276,-0.14623641967773438,0.14724543690681458,0.2723558843135834
3,16,227,-0.11827470362186432,-0.3759666085243225,0.11990103125572205,-0.1655893474817276,-0.14623641967773438,0.14724543690681458,0.23614053428173065
3,17,228,-0.13528765738010406,-0.34999707341194153,0.12030939757823944,-0.1655893474817276,-0.14623641967773438,0.14724543690681458,0.20775501430034637
3,18,229,-0.14894835650920868,-0.32342198491096497,0.1204661875963211,-0.1655893474817276,-0.14623641967773438,0.14724543690681458,0.17996880412101746
3,19,230,-0.15931619703769684,-0.2972245216369629,0.12054198980331421,-0.1655893474817276,-0.14623641967773438,0.14724543690681458,0.1534595489501953
3,20,231,-0.1670718938112259,-0.27210694551467896,0.12053673714399338,-0.1655893474817276,-0.14623641967773438,0.14724543690681458,0.12868155539035797
3,21,232,-0.17165634036064148,-0.24786768853664398,0.12024468183517456,-0.1655893474817276,-0.14623641967773438,0.14724543690681458,0.10533168166875839
3,22,233,-0.17551842331886292,-0.22831687331199646,0.12013993412256241,-0.1655893474817276,-0.14623641967773438,0.14724543690681458,0.08700859546661377
3,23,234,-0.17857776582241058,-0.2136768251657486,0.11985848098993301,-0.1655893474817276,-0.14623641967773438,0.14724543690681458,0.07393884658813477
3,24,235,-0.17988057434558868,-0.20162145793437958,0.11951756477355957,-0.1655893474817276,-0.14623641967773438,0.14724543690681458,0.06356552988290787
3,25,236,-0.18045219779014587,-0.19044430553913116,0.11947993189096451,-0.1655893474817276,-0.14623641967773438,0.14724543690681458,0.05427858233451843
3,26,237,-0.18144947290420532,-0.18066127598285675,0.12470147758722305,-0.1655893474817276,-0.14623641967773438,0.14724543690681458,0.04410038888454437
3,27,238,-0.18313027918338776,-0.17100414633750916,0.13616976141929626,-0.1655893474817276,-0.14623641967773438,0.14724543690681458,0.03230781853199005
3,28,239,0.1372765302658081,0.035634979605674744,0.7318533062934875,-0.09942790120840073,-0.32590430974960327,0.3958110213279724,0.5474157929420471
4,0,240,0.14921636879444122,0.01806984283030033,0.7283831834793091,-0.09942790120840073,-0.32590430974960327,0.3958110213279724,0.5392090678215027
4,1,241,0.19879858195781708,-0.005320977419614792,0.7032501101493835,-0.09942790120840073,-0.32590430974960327,0.3958110213279724,0.5350061058998108
4,2,242,0.261392742395401,-0.04214091598987579,0.6577976942062378,-0.09942790120840073,-0.32590430974960327,0.3958110213279724,0.5285359025001526
4,3,243,0.3125894069671631,-0.0909210816025734,0.6000748872756958,-0.09942790120840073,-0.32590430974960327,0.3958110213279724,0.5164292454719543
4,4,244,0.34584593772888184,-0.1472751945257187,0.5336520671844482,-0.09942790120840073,-0.32590430974960327,0.3958110213279724,0.49917665123939514
4,5,245,0.35942402482032776,-0.20621949434280396,0.4607895612716675,-0.09942790120840073,-0.32590430974960327,0.3958110213279724,0.478635311126709
4,6,246,0.35124462842941284,-0.2610378861427307,0.39302533864974976,-0.09942790120840073,-0.32590430974960327,0.3958110213279724,0.45532533526420593
4,7,247,0.3202863037586212,-0.3041997253894806,0.3523491322994232,-0.09942790120840073,-0.32590430974960327,0.3958110213279724,0.4225163161754608
4,8,248,0.273725301027298,-0.33369410037994385,0.3427248001098633,-0.09942790120840073,-0.32590430974960327,0.3958110213279724,0.3769909143447876
4,9,249,0.21834519505500793,-0.3492375612258911,0.35431450605392456,-0.09942790120840073,-0.32590430974960327,0.3958110213279724,0.3213194012641907
4,10,250,0.16873827576637268,-0.3611639440059662,0.36243268847465515,-0.09942790120840073,-0.32590430974960327,0.3958110213279724,0.2725260555744171
4,11,251,0.12113682925701141,-0.36772075295448303,0.36985528469085693,-0.09942790120840073,-0.32590430974960327,0.3958110213279724,0.2259891778230667
4,12,252,0.07483581453561783,-0.36600273847579956,0.3813415765762329,-0.09942790120840073,-0.32590430974960327,0.3958110213279724,0.17940203845500946
4,13,253,0.03273607790470123,-0.35628098249435425,0.39442622661590576,-0.09942790120840073,-0.32590430974960327,0.3958110213279724,0.13561701774597168
4,14,254,0.000941402860917151,-0.34095072746276855,0.4064125716686249,-0.09942790120840073,-0.32590430974960327,0.3958110213279724,0.1020430475473404
4,15,255,-0.022706687450408936,-0.3242323696613312,0.4154444932937622,-0.09942790120840073,-0.32590430974960327,0.3958110213279724,0.07921119034290314
4,16,256,-0.039327096194028854,-0.3093167245388031,0.42083749175071716,-0.09942790120840073,-0.32590430974960327,0.3958110213279724,0.06718317419290543
4,17,257,-0.05056842043995857,-0.2971813976764679,0.42376595735549927,-0.09942790120840073,-0.32590430974960327,0.3958110213279724,0.06319598853588104
4,18,258,-0.05832026153802872,-0.28691932559013367,0.4262625575065613,-0.09942790120840073,-0.32590430974960327,0.3958110213279724,0.06431922316551208
4,19,259,-0.06395607441663742,-0.27736225724220276,0.42958810925483704,-0.09942790120840073,-0.32590430974960327,0.3958110213279724,0.06895993649959564
4,20,260,-0.06823963671922684,-0.2681597173213959,0.4336738884449005,-0.09942790120840073,-0.32590430974960327,0.3958110213279724,0.07576768845319748
4,21,261,-0.07146774977445602,-0.2599375247955322,0.43757933378219604,-0.09942790120840073,-0.32590430974960327,0.3958110213279724,0.08293358236551285
4,22,262,-0.07372753322124481,-0.2536988854408264,0.4402896761894226,-0.09942790120840073,-0.32590430974960327,0.3958110213279724,0.08861424028873444
4,23,263,-0.0751563236117363,-0.250063955783844,0.44128653407096863,-0.09942790120840073,-0.32590430974960327,0.3958110213279724,0.0917000025510788
4,24,264,-0.07601147890090942,-0.24891094863414764,0.440698504447937,-0.09942790120840073,-0.32590430974960327,0.3958110213279724,0.09214766323566437
4,25,265,-0.07657372951507568,-0.24946458637714386,0.43917325139045715,-0.09942790120840073,-0.32590430974960327,0.3958110213279724,0.09080543369054794
4,26,266,-0.07702954113483429,-0.250628262758255,0.4376176595687866,-0.09942790120840073,-0.32590430974960327,0.3958110213279724,0.08897170424461365
4,27,267,-0.07747585326433182,-0.25136980414390564,0.43685057759284973,-0.09942790120840073,-0.32590430974960327,0.3958110213279724,0.08787223696708679
4,28,268,-0.07796048372983932,-0.25108450651168823,0.4372618794441223,-0.09942790120840073,-0.32590430974960327,0.3958110213279724,0.08818745613098145
4,29,269,-0.07848160713911057,-0.24980442225933075,0.4386385381221771,-0.09942790120840073,-0.32590430974960327,0.3958110213279724,0.08980053663253784
4,30,270,-0.07897032052278519,-0.24812670052051544,0.4402990937232971,-0.09942790120840073,-0.32590430974960327,0.3958110213279724,0.09190787374973297
4,31,271,-0.0793270617723465,-0.24687674641609192,0.44146302342414856,-0.09942790120840073,-0.32590430974960327,0.3958110213279724,0.09345322102308273
4,32,272,-0.07949988543987274,-0.24667301774024963,0.44162553548812866,-0.09942790120840073,-0.32590430974960327,0.3958110213279724,0.09366799145936966
4,33,273,-0.07952210307121277,-0.24762940406799316,0.4407604932785034,-0.09942790120840073,-0.32590430974960327,0.3958110213279724,0.09243190288543701
4,34,274,-0.07947403937578201,-0.2493283450603485,0.4393078684806824,-0.09942790120840073,-0.32590430974960327,0.3958110213279724,0.0902995616197586
4,35,275,-0.07943235337734222,-0.25102901458740234,0.43796998262405396,-0.09942790120840073,-0.32590430974960327,0.3958110213279724,0.08822420239448547
4,36,276,-0.0794529840350151,-0.2520080506801605,0.43739113211631775,-0.09942790120840073,-0.32590430974960327,0.3958110213279724,0.08711233735084534
4,37,277,-0.07956728339195251,-0.2518914043903351,0.4378404915332794,-0.09942790120840073,-0.32590430974960327,0.3958110213279724,0.0874004065990448
4,38,278,-0.07976147532463074,-0.25082966685295105,0.43907466530799866,-0.09942790120840073,-0.32590430974960327,0.3958110213279724,0.08885219693183899
4,39,279,-0.07996639609336853,-0.24941985309123993,0.4404755234718323,-0.09942790120840073,-0.32590430974960327,0.3958110213279724,0.09068373590707779
4,40,280,-0.08009003847837448,-0.24840198457241058,0.44137677550315857,-0.09942790120840073,-0.32590430974960327,0.3958110213279724,0.09196086972951889
4,41,281,-0.08008716255426407,-0.24828988313674927,0.4413820505142212,-0.09942790120840073,-0.32590430974960327,0.3958110213279724,0.09205857664346695
4,42,282,-0.07998468726873398,-0.24913811683654785,0.44052430987358093,-0.09942790120840073,-0.32590430974960327,0.3958110213279724,0.09094154834747314
4,43,283,-0.07984838634729385,-0.25054726004600525,0.43923068046569824,-0.09942790120840073,-0.32590430974960327,0.3958110213279724,0.08914767950773239
4,44,284,-0.07974227517843246,-0.2518676519393921,0.43812230229377747,-0.09942790120840073,-0.32590430974960327,0.3958110213279724,0.08751682937145233
4,45,285,-0.07971277832984924,-0.2525048851966858,0.43772488832473755,-0.09942790120840073,-0.32590430974960327,0.3958110213279724,0.0867924764752388
4,46,286,-0.07977932691574097,-0.25219622254371643,0.4382115602493286,-0.09942790120840073,-0.32590430974960327,0.3958110213279724,0.08727402240037918
4,47,287,-0.07991930842399597,-0.25113368034362793,0.4393174350261688,-0.09942790120840073,-0.32590430974960327,0.3958110213279724,0.08867942541837692
4,48,288,-0.08006403595209122,-0.2498643845319748,0.44048911333084106,-0.09942790120840073,-0.32590430974960327,0.3958110213279724,0.09029485285282135
4,49,289,-0.080136738717556,-0.24901312589645386,0.4411710202693939,-0.09942790120840073,-0.32590430974960327,0.3958110213279724,0.09133417904376984
4,50,290,-0.08010566234588623,-0.24897469580173492,0.4410671889781952,-0.09942790120840073,-0.32590430974960327,0.3958110213279724,0.09132160246372223
4,51,291,-0.07999791204929352,-0.24973995983600616,0.44025617837905884,-0.09942790120840073,-0.32590430974960327,0.3958110213279724,0.09029897302389145
4,52,292,-0.07987039536237717,-0.2509251832962036,0.43913984298706055,-0.09942790120840073,-0.32590430974960327,0.3958110213279724,0.08877923339605331
4,53,293,-0.07977773249149323,-0.25196412205696106,0.4382537007331848,-0.09942790120840073,-0.32590430974960327,0.3958110213279724,0.08749092370271683
4,54,294,-0.07975766062736511,-0.25237539410591125,0.43801507353782654,-0.09942790120840073,-0.32590430974960327,0.3958110213279724,0.08703218400478363
4,55,295,-0.07982166856527328,-0.2519852817058563,0.43851912021636963,-0.09942790120840073,-0.32590430974960327,0.3958110213279724,0.08759228885173798
4,56,296,-0.0799422413110733,-0.25100743770599365,0.4394964873790741,-0.09942790120840073,-0.32590430974960327,0.3958110213279724,0.08886873722076416
4,57,297,-0.08005771040916443,-0.2499304562807083,0.4404621124267578,-0.09942790120840073,-0.32590430974960327,0.3958110213279724,0.09022721648216248
4,58,298,-0.0801066979765892,-0.24927274882793427,0.44096118211746216,-0.09942790120840073,-0.32590430974960327,0.3958110213279724,0.09101781249046326
4,59,299,-0.0800689160823822,-0.24932871758937836,0.4407811164855957,-0.09942790120840073,-0.32590430974960327,0.3958110213279724,0.09088949859142303
4,60,300,-0.07997133582830429,-0.25004303455352783,0.4400312602519989,-0.09942790120840073,-0.32590430974960327,0.3958110213279724,0.08993842452764511
4,61,301,-0.07986290007829666,-0.25105586647987366,0.43908196687698364,-0.09942790120840073,-0.32590430974960327,0.3958110213279724,0.08864227682352066
4,62,302,-0.07979005575180054,-0.2518811523914337,0.43838760256767273,-0.09942790120840073,-0.32590430974960327,0.3958110213279724,0.08762327581644058
4,63,303,-0.07978307455778122,-0.25213518738746643,0.4382728040218353,-0.09942790120840073,-0.32590430974960327,0.3958110213279724,0.08735448122024536
4,64,304,-0.07984650135040283,-0.25171545147895813,0.43877390027046204,-0.09942790120840073,-0.32590430974960327,0.3958110213279724,0.08793877065181732
4,65,305,-0.07995151728391647,-0.25084370374679565,0.43962812423706055,-0.09942790120840073,-0.32590430974960327,0.3958110213279724,0.0890694260597229
4,66,306,-0.08004389703273773,-0.24995185434818268,0.44041457772254944,-0.09942790120840073,-0.32590430974960327,0.3958110213279724,0.0901886522769928
4,67,307,-0.08007592707872391,-0.2494642287492752,0.4407660663127899,-0.09942790120840073,-0.32590430974960327,0.3958110213279724,0.09076640754938126
4,68,308,-0.08003570139408112,-0.2495950609445572,0.44053614139556885,-0.09942790120840073,-0.32590430974960327,0.3958110213279724,0.09055106341838837
4,69,309,-0.07994915544986725,-0.2502575218677521,0.43985411524772644,-0.09942790120840073,-0.32590430974960327,0.3958110213279724,0.08967525511980057
4,70,310,-0.07985859364271164,-0.251120001077652,0.4390549659729004,-0.09942790120840073,-0.32590430974960327,0.3958110213279724,0.08857589960098267
4,71,311,-0.07980302721261978,-0.25176963210105896,0.4385206997394562,-0.09942790120840073,-0.32590430974960327,0.3958110213279724,0.08777928352355957
4,72,312,-0.07980620115995407,-0.25190621614456177,0.438498318195343,-0.09942790120840073,-0.32590430974960327,0.3958110213279724,0.08765234798192978
4,73,313,-0.07986731827259064,-0.2514810860157013,0.43898171186447144,-0.09942790120840073,-0.32590430974960327,0.3958110213279724,0.08823344856500626
4,74,314,-0.07995761930942535,-0.2507151961326599,0.43972066044807434,-0.09942790120840073,-0.32590430974960327,0.3958110213279724,0.08922191709280014
4,75,315,-0.08003062754869461,-0.2499855011701584,0.44035404920578003,-0.09942790120840073,-0.32590430974960327,0.3958110213279724,0.09013324230909348
4,76,316,-0.08004951477050781,-0.24963700771331787,0.4405882656574249,-0.09942790120840073,-0.32590430974960327,0.3958110213279724,0.09053852409124374
4,77,317,-0.08000873029232025,-0.24981874227523804,0.44032958149909973,-0.09942790120840073,-0.32590430974960327,0.3958110213279724,0.0902663841843605
4,78,318,-0.07993262261152267,-0.25042393803596497,0.43971747159957886,-0.09942790120840073,-0.32590430974960327,0.3958110213279724,0.08947138488292694
4,79,319,-0.07985775917768478,-0.2511521875858307,0.4390513002872467,-0.09942790120840073,-0.32590430974960327,0.3958110213279724,0.08854711800813675
4,80,320,-0.07981647551059723,-0.25165605545043945,0.43864840269088745,-0.09942790120840073,-0.32590430974960327,0.3958110213279724,0.08793436735868454
4,81,321,-0.07982681691646576,-0.2517041563987732,0.438693106174469,-0.09942790120840073,-0.32590430974960327,0.3958110213279724,0.08791324496269226
4,82,322,-0.07988429069519043,-0.2512885630130768,0.43914854526519775,-0.09942790120840073,-0.32590430974960327,0.3958110213279724,0.08847374469041824
4,83,323,-0.07996109873056412,-0.25062280893325806,0.43978217244148254,-0.09942790120840073,-0.32590430974960327,0.3958110213279724,0.089329294860363
4,84,324,-0.080018050968647,-0.25003230571746826,0.440286248922348,-0.09942790120840073,-0.32590430974960327,0.3958110213279724,0.09006302803754807
4,85,325,-0.0800270214676857,-0.24979433417320251,0.44042909145355225,-0.09942790120840073,-0.32590430974960327,0.3958110213279724,0.09033213555812836
4,86,326,-0.07998711615800858,-0.25000712275505066,0.4401577115058899,-0.09942790120840073,-0.32590430974960327,0.3958110213279724,0.09002752602100372
4,87,327,-0.07992058992385864,-0.2505528926849365,0.4396144449710846,-0.09942790120840073,-0.32590430974960327,0.3958110213279724,0.08931467682123184
4,88,328,-0.07985914498567581,-0.2511623501777649,0.43906423449516296,-0.09942790120840073,-0.32590430974960327,0.3958110213279724,0.08854454755783081
4,89,329,-0.07982951402664185,-0.25154581665992737,0.4387686848640442,-0.09942790120840073,-0.32590430974960327,0.3958110213279724,0.0880831629037857
4,90,330,-0.07984476536512375,-0.2515290379524231,0.4388599395751953,-0.09942790120840073,-0.32590430974960327,0.3958110213279724,0.08813846856355667
4,91,331,-0.07989770174026489,-0.2511334717273712,0.43928131461143494,-0.09942790120840073,-0.32590430974960327,0.3958110213279724,0.0886666402220726
4,92,332,-0.07996223866939545,-0.25056013464927673,0.4398193955421448,-0.09942790120840073,-0.32590430974960327,0.3958110213279724,0.08940018713474274
4,93,333,-0.08000607043504715,-0.2500877380371094,0.4402150809764862,-0.09942790120840073,-0.32590430974960327,0.3958110213279724,0.08998377621173859
4,94,334,-0.08000776916742325,-0.2499365359544754,0.4402875602245331,-0.09942790120840073,-0.32590430974960327,0.3958110213279724,0.09014658629894257
4,95,335,-0.07996959239244461,-0.25016525387763977,0.44001534581184387,-0.09942790120840073,-0.32590430974960327,0.3958110213279724,0.08982790261507034
4,96,336,-0.07991207391023636,-0.2506510019302368,0.439538836479187,-0.09942790120840073,-0.32590430974960327,0.3958110213279724,0.08919668942689896
4,97,337,-0.0798623114824295,-0.25115612149238586,0.439089298248291,-0.09942790120840073,-0.32590430974960327,0.3958110213279724,0.08856134861707687
4,98,338,-0.07984204590320587,-0.2514411211013794,0.4388798177242279,-0.09942790120840073,-0.32590430974960327,0.3958110213279724,0.08822297304868698
4,99,339,-0.07986018806695938,-0.25137820839881897,0.4390016496181488,-0.09942790120840073,-0.32590430974960327,0.3958110213279724,0.08833156526088715
4,100,340,-0.07990800589323044,-0.25100943446159363,0.43938520550727844,-0.09942790120840073,-0.32590430974960327,0.3958110213279724,0.08881992101669312
4,101,341,-0.0799618735909462,-0.25052037835121155,0.4398382008075714,-0.09942790120840073,-0.32590430974960327,0.3958110213279724,0.08944302797317505
4,102,342,-0.07999489456415176,-0.2501477897167206,0.44014352560043335,-0.09942790120840073,-0.32590430974960327,0.3958110213279724,0.08990029245615005
4,103,343,-0.07999134063720703,-0.2500634789466858,0.4401632845401764,-0.09942790120840073,-0.32590430974960327,0.3958110213279724,0.08998185396194458
4,104,344,-0.07995539903640747,-0.2502962648868561,0.4398990869522095,-0.09942790120840073,-0.32590430974960327,0.3958110213279724,0.08966332674026489
4,105,345,-0.07990612089633942,-0.25072410702705383,0.43948519229888916,-0.09942790120840073,-0.32590430974960327,0.3958110213279724,0.08911002427339554
4,106,346,-0.07986614108085632,-0.2511384189128876,0.43912220001220703,-0.09942790120840073,-0.32590430974960327,0.3958110213279724,0.08859152346849442
4,107,347,-0.07985338568687439,-0.25134384632110596,0.4389806091785431,-0.09942790120840073,-0.32590430974960327,0.3958110213279724,0.0883517861366272
4,108,348,-0.07987318187952042,-0.251249760389328,0.4391206204891205,-0.09942790120840073,-0.32590430974960327,0.3958110213279724,0.08849525451660156
4,109,349,-0.07991587370634079,-0.25091156363487244,0.4394652843475342,-0.09942790120840073,-0.32590430974960327,0.3958110213279724,0.08894001692533493
4,110,350,-0.07996055483818054,-0.2504979968070984,0.4398431181907654,-0.09942790120840073,-0.32590430974960327,0.3958110213279724,0.08946460485458374
4,111,351,-0.0799846351146698,-0.25020840764045715,0.44007444381713867,-0.09942790120840073,-0.32590430974960327,0.3958110213279724,0.08981737494468689
4,112,352,-0.07997750490903854,-0.25017470121383667,0.44005581736564636,-0.09942790120840073,-0.32590430974960327,0.3958110213279724,0.08983815461397171
4,113,353,-0.07994445413351059,-0.25040337443351746,0.4398052990436554,-0.09942790120840073,-0.32590430974960327,0.3958110213279724,0.08952928334474564
4,114,354,-0.07990247011184692,-0.25077638030052185,0.43944934010505676,-0.09942790120840073,-0.32590430974960327,0.3958110213279724,0.08904915302991867
4,115,355,-0.07987087219953537,-0.25111278891563416,0.4391593933105469,-0.09942790120840073,-0.32590430974960327,0.3958110213279724,0.0886303037405014
4,116,356,-0.07986369729042053,-0.2512548267841339,0.43907105922698975,-0.09942790120840073,-0.32590430974960327,0.3958110213279724,0.08846883475780487
4,117,357,-0.07988414913415909,-0.25114160776138306,0.43921959400177,-0.09942790120840073,-0.32590430974960327,0.3958110213279724,0.08863251656293869
4,118,358,-0.07992185652256012,-0.2508358657360077,0.4395255744457245,-0.09942790120840073,-0.32590430974960327,0.3958110213279724,0.0890321284532547
4,119,359,-0.07995803654193878,-0.2504895329475403,0.4398379921913147,-0.09942790120840073,-0.32590430974960327,0.3958110213279724,0.08946976065635681
4,120,360,-0.07997536659240723,-0.25026825070381165,0.44000881910324097,-0.09942790120840073,-0.32590430974960327,0.3958110213279724,0.08973661810159683
4,121,361,-0.07996587455272675,-0.25027206540107727,0.43996313214302063,-0.09942790120840073,-0.32590430974960327,0.3958110213279724,0.0897129625082016
4,122,362,-0.07993586361408234,-0.2504904866218567,0.4397301971912384,-0.09942790120840073,-0.32590430974960327,0.3958110213279724,0.08942079544067383
4,123,363,-0.07990030199289322,-0.25081267952919006,0.4394267201423645,-0.09942790120840073,-0.32590430974960327,0.3958110213279724,0.0890079140663147
4,124,364,-0.07987576723098755,-0.25108253955841064,0.43919873237609863,-0.09942790120840073,-0.32590430974960327,0.3958110213279724,0.08867398649454117
4,125,365,-0.0798729732632637,-0.25117427110671997,0.43915167450904846,-0.09942790120840073,-0.32590430974960327,0.3958110213279724,0.08857418596744537
4,126,366,-0.0798930898308754,-0.2510506808757782,0.43930158019065857,-0.09942790120840073,-0.32590430974960327,0.3958110213279724,0.08874741196632385
4,127,367,-0.07992592453956604,-0.25077781081199646,0.43957018852233887,-0.09942790120840073,-0.32590430974960327,0.3958110213279724,0.08910208940505981
4,128,368,-0.07995528727769852,-0.25049057602882385,0.4398256540298462,-0.09942790120840073,-0.32590430974960327,0.3958110213279724,0.08946340531110764
4,129,369,-0.07996688783168793,-0.25032544136047363,0.43994781374931335,-0.09942790120840073,-0.32590430974960327,0.3958110213279724,0.08966020494699478
4,130,370,-0.0799560472369194,-0.2503560483455658,0.43988409638404846,-0.09942790120840073,-0.32590430974960327,0.3958110213279724,0.0896054059267044
4,131,371,-0.0799291729927063,-0.2505604326725006,0.4396713376045227,-0.09942790120840073,-0.32590430974960327,0.3958110213279724,0.08933436125516891
4,132,372,-0.07989940792322159,-0.25083595514297485,0.4394150376319885,-0.09942790120840073,-0.32590430974960327,0.3958110213279724,0.08898275345563889
4,133,373,-0.07988068461418152,-0.2510494589805603,0.4392382800579071,-0.09942790120840073,-0.32590430974960327,0.3958110213279724,0.0887201726436615
4,134,374,-0.07988119125366211,-0.25110262632369995,0.4392220973968506,-0.09942790120840073,-0.32590430974960327,0.3958110213279724,0.08866728097200394
4,135,375,-0.07990041375160217,-0.2509755492210388,0.4393683075904846,-0.09942790120840073,-0.32590430974960327,0.3958110213279724,0.08884187787771225
4,136,376,-0.07992860674858093,-0.2507348358631134,0.43960195779800415,-0.09942790120840073,-0.32590430974960327,0.3958110213279724,0.08915334194898605
4,137,377,-0.07995206117630005,-0.25049883127212524,0.43980881571769714,-0.09942790120840073,-0.32590430974960327,0.3958110213279724,0.08944886922836304
4,138,378,-0.07995949685573578,-0.25037896633148193,0.4398922622203827,-0.09942790120840073,-0.32590430974960327,0.3958110213279724,0.08958934992551804
4,139,379,-0.07994795590639114,-0.250427782535553,0.4398174285888672,-0.09942790120840073,-0.32590430974960327,0.3958110213279724,0.08951389789581299
4,140,380,-0.079924076795578,-0.2506158947944641,0.4396255910396576,-0.09942790120840073,-0.32590430974960327,0.3958110213279724,0.08926624059677124
4,141,381,-0.07989946752786636,-0.2508491575717926,0.43941134214401245,-0.09942790120840073,-0.32590430974960327,0.3958110213279724,0.08896978944540024
4,142,382,-0.07988540828227997,-0.25101596117019653,0.43927690386772156,-0.09942790120840073,-0.32590430974960327,0.3958110213279724,0.08876629918813705
4,143,383,-0.07988832145929337,-0.25103962421417236,0.4392831027507782,-0.09942790120840073,-0.32590430974960327,0.3958110213279724,0.0887487381696701
4,144,384,-0.07990629971027374,-0.2509137690067291,0.4394224286079407,-0.09942790120840073,-0.32590430974960327,0.3958110213279724,0.08891922980546951
4,145,385,-0.07993054389953613,-0.25070348381996155,0.4396236836910248,-0.09942790120840073,-0.32590430974960327,0.3958110213279724,0.0891900286078453
4,146,386,-0.07994899898767471,-0.25051167607307434,0.43978896737098694,-0.09942790120840073,-0.32590430974960327,0.3958110213279724,0.08942894637584686
4,147,387,-0.07995310425758362,-0.2504279911518097,0.4398419260978699,-0.09942790120840073,-0.32590430974960327,0.3958110213279724,0.08952464908361435
4,148,388,-0.07994140684604645,-0.2504884600639343,0.43976178765296936,-0.09942790120840073,-0.32590430974960327,0.3958110213279724,0.08943681418895721
4,149,389,-0.07992038130760193,-0.25065889954566956,0.4395908713340759,-0.23348528146743774,-0.1313137412071228,0.3276810050010681,0.22438642382621765
4,150,390,-0.10675246268510818,-0.24483086168766022,0.409426212310791,-0.23348528146743774,-0.1313137412071228,0.3276810050010681,0.18875810503959656
4,151,391,-0.14226560294628143,-0.2508522570133209,0.3669906556606293,-0.23348528146743774,-0.1313137412071228,0.3276810050010681,0.1554211527109146
4,152,392,-0.18076765537261963,-0.2525949776172638,0.33023956418037415,-0.23348528146743774,-0.1313137412071228,0.3276810050010681,0.1322680413722992
4,153,393,-0.20501869916915894,-0.2522392272949219,0.2968294024467468,-0.23348528146743774,-0.1313137412071228,0.3276810050010681,0.12800446152687073
4,154,394,-0.21450765430927277,-0.23982183635234833,0.2907780706882477,-0.23348528146743774,-0.1313137412071228,0.3276810050010681,0.11617221683263779
4,155,395,-0.22085526585578918,-0.20880600810050964,0.3099342882633209,-0.23348528146743774,-0.1313137412071228,0.3276810050010681,0.0804954320192337
4,156,396,-0.22308628261089325,-0.17305076122283936,0.33171239495277405,-0.23348528146743774,-0.1313137412071228,0.3276810050010681,0.0432015061378479
4,157,397,-0.08725883066654205,0.05884062871336937,0.7660191655158997,0.13700512051582336,-0.21277190744876862,0.34137392044067383,0.5517166256904602
5,0,398,-0.055696941912174225,0.04864649102091789,0.7661340236663818,0.13700512051582336,-0.21277190744876862,0.34137392044067383,0.534691333770752
5,1,399,0.005179829895496368,0.01729048788547516,0.7582219243049622,0.13700512051582336,-0.21277190744876862,0.34137392044067383,0.4940332770347595
5,2,400,0.06790512055158615,-0.03461340442299843,0.7379483580589294,0.13700512051582336,-0.21277190744876862,0.34137392044067383,0.4402119219303131
5,3,401,0.1179061308503151,-0.09871029108762741,0.7045822739601135,0.13700512051582336,-0.21277190744876862,0.34137392044067383,0.3811759948730469
5,4,402,0.14858630299568176,-0.16659259796142578,0.6603466868400574,0.13700512051582336,-0.21277190744876862,0.34137392044067383,0.32250624895095825
5,5,403,0.16500011086463928,-0.2295796275138855,0.6069031357765198,0.13700512051582336,-0.21277190744876862,0.34137392044067383,0.2675293982028961
5,6,404,0.17125451564788818,-0.2840382158756256,0.5456897020339966,0.13700512051582336,-0.21277190744876862,0.34137392044067383,0.2190818190574646
5,7,405,0.16849398612976074,-0.3286163806915283,0.4786801338195801,0.13700512051582336,-0.21277190744876862,0.34137392044067383,0.18238554894924164
5,8,406,0.15776492655277252,-0.3621465563774109,0.4080266058444977,0.13700512051582336,-0.21277190744876862,0.34137392044067383,0.16488279402256012
5,9,407,0.14084206521511078,-0.3836412727832794,0.33600252866744995,0.13700512051582336,-0.21277190744876862,0.34137392044067383,0.17099682986736298
5,10,408,0.11972613632678986,-0.3927971124649048,0.2752312123775482,0.13700512051582336,-0.21277190744876862,0.34137392044067383,0.19256816804409027
5,11,409,0.10459893941879272,-0.3869090974330902,0.2563926577568054,0.13700512051582336,-0.21277190744876862,0.34137392044067383,0.19645798206329346
5,12,410,0.1107022762298584,-0.3636941611766815,0.2821243703365326,0.13700512051582336,-0.21277190744876862,0.34137392044067383,0.1642555296421051
5,13,411,0.12872588634490967,-0.33471307158470154,0.30343493819236755,0.13700512051582336,-0.21277190744876862,0.34137392044067383,0.12797483801841736
5,14,412,0.13570807874202728,-0.30391573905944824,0.3241628110408783,0.13700512051582336,-0.21277190744876862,0.34137392044067383,0.09276369214057922
5,15,413,0.14051444828510284,-0.2765789330005646,0.33839258551597595,0.13700512051582336,-0.21277190744876862,0.34137392044067383,0.06397296488285065
5,16,414,0.14251787960529327,-0.2550393342971802,0.34537842869758606,0.13700512051582336,-0.21277190744876862,0.34137392044067383,0.04281310364603996
5,17,415,-0.14835435152053833,0.016195431351661682,0.759590208530426,0.15063291788101196,-0.18903811275959015,0.12377088516950607,0.7319701910018921
6,0,416,-0.12340093404054642,0.03071979060769081,0.7665612697601318,0.15063291788101196,-0.18903811275959015,0.12377088516950607,0.7325077056884766
6,1,417,-0.06799449771642685,0.03372365981340408,0.7702133655548096,0.15063291788101196,-0.18903811275959015,0.12377088516950607,0.7178499698638916
6,2,418,-8.581823203712702e-05,0.02042604796588421,0.7671740055084229,0.15063291788101196,-0.18903811275959015,0.12377088516950607,0.6932235956192017
6,3,419,0.07233723253011703,-0.011217227205634117,0.7535418272018433,0.15063291788101196,-0.18903811275959015,0.12377088516950607,0.6590613722801208
6,4,420,0.13936741650104523,-0.05949374660849571,0.7267375588417053,0.15063291788101196,-0.18903811275959015,0.12377088516950607,0.6168285608291626
6,5,421,0.1922079473733902,-0.11942721903324127,0.6871924996376038,0.15063291788101196,-0.18903811275959015,0.12377088516950607,0.5692258477210999
6,6,422,0.2270788848400116,-0.18606002628803253,0.6362327337265015,0.15063291788101196,-0.18903811275959015,0.12377088516950607,0.5181409120559692
6,7,423,0.24291683733463287,-0.25399285554885864,0.5753130912780762,0.15063291788101196,-0.18903811275959015,0.12377088516950607,0.46543076634407043
6,8,424,0.2441003918647766,-0.3145676553249359,0.5065209865570068,0.15063291788101196,-0.18903811275959015,0.12377088516950607,0.41351115703582764
6,9,425,0.2353142499923706,-0.3628719449043274,0.4321380853652954,0.15063291788101196,-0.18903811275959015,0.12377088516950607,0.3639772832393646
6,10,426,0.21855710446834564,-0.39776602387428284,0.3544967770576477,0.15063291788101196,-0.18903811275959015,0.12377088516950607,0.3184579610824585
6,11,427,0.1957164704799652,-0.41874054074287415,0.2759875953197479,0.15063291788101196,-0.18903811275959015,0.12377088516950607,0.27922332286834717
6,12,428,0.1684272587299347,-0.4258553385734558,0.19891700148582458,0.15063291788101196,-0.18903811275959015,0.12377088516950607,0.2490902990102768
6,13,429,0.13844990730285645,-0.41980648040771484,0.12861181795597076,0.15063291788101196,-0.18903811275959015,0.12377088516950607,0.23114041984081268
6,14,430,0.1172318309545517,-0.40935754776000977,0.12128742784261703,0.15063291788101196,-0.18903811275959015,0.12377088516950607,0.2228507399559021
6,15,431,0.1243576854467392,-0.4014606475830078,0.12095726281404495,0.15063291788101196,-0.18903811275959015,0.12377088516950607,0.21405990421772003
6,16,432,0.1372397243976593,-0.3866943418979645,0.12104781717061996,0.15063291788101196,-0.18903811275959015,0.12377088516950607,0.19812817871570587
6,17,433,0.14461395144462585,-0.36833807826042175,0.12097492814064026,0.15063291788101196,-0.18903811275959015,0.12377088516950607,0.17942273616790771
6,18,434,0.1451069563627243,-0.3516979217529297,0.12082988768815994,0.15063291788101196,-0.18903811275959015,0.12377088516950607,0.16278022527694702
6,19,435,0.14441487193107605,-0.33592161536216736,0.12081754952669144,0.15063291788101196,-0.18903811275959015,0.12377088516950607,0.14704471826553345
6,20,436,0.14338596165180206,-0.3198488652706146,0.12058466672897339,0.15063291788101196,-0.18903811275959015,0.12377088516950607,0.13105008006095886
6,21,437,0.14269231259822845,-0.3041018545627594,0.12045194208621979,0.15063291788101196,-0.18903811275959015,0.12377088516950607,0.11538515239953995
6,22,438,0.1405179351568222,-0.2908379137516022,0.12088233232498169,0.15063291788101196,-0.18903811275959015,0.12377088516950607,0.10234186053276062
6,23,439,0.13743440806865692,-0.28293320536613464,0.12097044289112091,0.15063291788101196,-0.18903811275959015,0.12377088516950607,0.0948595330119133
6,24,440,0.13240188360214233,-0.27463266253471375,0.12063126266002655,0.15063291788101196,-0.18903811275959015,0.12377088516950607,0.08757085353136063
6,25,441,0.13138312101364136,-0.2715487480163574,0.12091172486543655,0.15063291788101196,-0.18903811275959015,0.12377088516950607,0.08477460592985153
6,26,442,0.13404877483844757,-0.2683626711368561,0.12073355168104172,0.15063291788101196,-0.18903811275959015,0.12377088516950607,0.08109651505947113
6,27,443,0.13556131720542908,-0.26589351892471313,0.12070317566394806,0.15063291788101196,-0.18903811275959015,0.12377088516950607,0.0783793181180954
6,28,444,0.1369822919368744,-0.26335811614990234,0.1206924319267273,0.15063291788101196,-0.18903811275959015,0.12377088516950607,0.07562591880559921
6,29,445,0.138269305229187,-0.2610536813735962,0.12068980187177658,0.15063291788101196,-0.18903811275959015,0.12377088516950607,0.07313407957553864
6,30,446,0.1396676003932953,-0.2585878074169159,0.12067800015211105,0.15063291788101196,-0.18903811275959015,0.12377088516950607,0.07047668844461441
6,31,447,0.1407802700996399,-0.2565900385379791,0.12066283077001572,0.15063291788101196,-0.18903811275959015,0.12377088516950607,0.06833738088607788
6,32,448,0.14192324876785278,-0.25470268726348877,0.12065276503562927,0.15063291788101196,-0.18903811275959015,0.12377088516950607,0.06631302833557129
6,33,449,0.1427878588438034,-0.2531213164329529,0.12065887451171875,0.15063291788101196,-0.18903811275959015,0.12377088516950607,0.06463657319545746
6,34,450,0.14362981915473938,-0.25164371728897095,0.12065856158733368,0.15063291788101196,-0.18903811275959015,0.12377088516950607,0.06307291239500046
6,35,451,0.14429399371147156,-0.2504056990146637,0.12066295742988586,0.15063291788101196,-0.18903811275959015,0.12377088516950607,0.061772339046001434
6,36,452,0.1448429822921753,-0.24929144978523254,0.12066633999347687,0.15063291788101196,-0.18903811275959015,0.12377088516950607,0.06061044707894325
6,37,453,0.1450682133436203,-0.24862627685070038,0.12067584693431854,0.15063291788101196,-0.18903811275959015,0.12377088516950607,0.059927407652139664
6,38,454,0.14511708915233612,-0.2483007311820984,0.12067510187625885,0.15063291788101196,-0.18903811275959015,0.12377088516950607,0.05959921330213547
6,39,455,0.1455322802066803,-0.2472110390663147,0.12067564576864243,0.15063291788101196,-0.18903811275959015,0.12377088516950607,0.058478083461523056
6,40,456,0.1458389014005661,-0.246826633810997,0.1206836849451065,0.15063291788101196,-0.18903811275959015,0.12377088516950607,0.05806915462017059
6,41,457,0.14632561802864075,-0.2460566908121109,0.12069845199584961,0.15063291788101196,-0.18903811275959015,0.12377088516950607,0.05726352334022522
6,42,458,0.14648783206939697,-0.24579864740371704,0.12068557739257812,0.15063291788101196,-0.18903811275959015,0.12377088516950607,0.05699525773525238
6,43,459,0.14697498083114624,-0.24508626759052277,0.12071477621793747,0.15063291788101196,-0.18903811275959015,0.12377088516950607,0.056250475347042084
6,44,460,0.14690804481506348,-0.24515759944915771,0.12068981677293777,0.15063291788101196,-0.18903811275959015,0.12377088516950607,0.05632729455828667
6,45,461,0.1468881368637085,-0.24511586129665375,0.12070370465517044,0.15063291788101196,-0.18903811275959015,0.12377088516950607,0.0562862753868103
6,46,462,0.14684024453163147,-0.24511057138442993,0.1207101047039032,0.15063291788101196,-0.18903811275959015,0.12377088516950607,0.0562838613986969
6,47,463,0.14655718207359314,-0.2452395111322403,0.12074413895606995,0.15063291788101196,-0.18903811275959015,0.12377088516950607,0.05643022060394287
6,48,464,0.14637595415115356,-0.2453138381242752,0.12077219784259796,0.15063291788101196,-0.18903811275959015,0.12377088516950607,0.05651611462235451
6,49,465,0.14614681899547577,-0.24547144770622253,0.12077280133962631,0.15063291788101196,-0.18903811275959015,0.12377088516950607,0.05669069662690163
6,50,466,0.1462656557559967,-0.24537234008312225,0.12076281011104584,0.15063291788101196,-0.18903811275959015,0.12377088516950607,0.05658327415585518
6,51,467,0.14615687727928162,-0.24537916481494904,0.12079145759344101,0.15063291788101196,-0.18903811275959015,0.12377088516950607,0.05659705027937889
6,52,468,0.14592815935611725,-0.2455419898033142,0.12079475820064545,0.15063291788101196,-0.18903811275959015,0.12377088516950607,0.0567774623632431
6,53,469,0.14601176977157593,-0.24541452527046204,0.12080726027488708,0.15063291788101196,-0.18903811275959015,0.12377088516950607,0.05664307624101639
6,54,470,0.14582380652427673,-0.2455463409423828,0.12080517411231995,0.15063291788101196,-0.18903811275959015,0.12377088516950607,0.05678998678922653
6,55,471,0.14572058618068695,-0.2455485761165619,0.12083699554204941,0.15063291788101196,-0.18903811275959015,0.12377088516950607,0.05679939314723015
6,56,472,0.14558611810207367,-0.2456660270690918,0.12081953883171082,0.15063291788101196,-0.18903811275959015,0.12377088516950607,0.05692891404032707
6,57,473,0.1458931267261505,-0.2454371601343155,0.12078140676021576,0.15063291788101196,-0.18903811275959015,0.12377088516950607,0.05667676031589508
6,58,474,0.14590449631214142,-0.24541711807250977,0.12077664583921432,0.15063291788101196,-0.18903811275959015,0.12377088516950607,0.0566561184823513
6,59,475,0.1462145447731018,-0.24512223899364471,0.12075722962617874,0.15063291788101196,-0.18903811275959015,0.12377088516950607,0.056338559836149216
6,60,476,0.14647236466407776,-0.24487654864788055,0.12072262912988663,0.15063291788101196,-0.18903811275959015,0.12377088516950607,0.056076135486364365
6,61,477,0.14698098599910736,-0.24424590170383453,0.12070271372795105,0.15063291788101196,-0.18903811275959015,0.12377088516950607,0.05541345104575157
6,62,478,0.1473095417022705,-0.24390101432800293,0.12071338295936584,0.15063291788101196,-0.18903811275959015,0.12377088516950607,0.055048443377017975
6,63,479,0.14696387946605682,-0.24409028887748718,0.12075234949588776,0.15063291788101196,-0.18903811275959015,0.12377088516950607,0.055256813764572144
6,64,480,0.1467713564634323,-0.24418586492538452,0.12077932804822922,0.15063291788101196,-0.18903811275959015,0.12377088516950607,0.055363669991493225
6,65,481,0.14657844603061676,-0.24431246519088745,0.12078618258237839,0.15063291788101196,-0.18903811275959015,0.12377088516950607,0.05550316348671913
6,66,482,0.14653581380844116,-0.24427565932273865,0.12081324309110641,0.15063291788101196,-0.18903811275959015,0.12377088516950607,0.05546819046139717
6,67,483,0.1463216096162796,-0.24444074928760529,0.12080547213554382,0.15063291788101196,-0.18903811275959015,0.12377088516950607,0.05564919859170914
6,68,484,0.14620472490787506,-0.24450665712356567,0.12081244587898254,0.15063291788101196,-0.18903811275959015,0.12377088516950607,0.055723611265420914
6,69,485,0.14636105298995972,-0.24435795843601227,0.1208101287484169,0.15063291788101196,-0.18903811275959015,0.12377088516950607,0.05556347966194153
6,70,486,0.14618992805480957,-0.2444615215063095,0.12081516534090042,0.15063291788101196,-0.18903811275959015,0.12377088516950607,0.05567971616983414
6,71,487,0.14609739184379578,-0.24449364840984344,0.12082954496145248,0.15063291788101196,-0.18903811275959015,0.12377088516950607,0.05571839213371277
6,72,488,0.14605849981307983,-0.2444610595703125,0.12085370719432831,0.15063291788101196,-0.18903811275959015,0.12377088516950607,0.05568786337971687
6,73,489,0.14593276381492615,-0.24459592998027802,0.12083347141742706,0.15063291788101196,-0.18903811275959015,0.12377088516950607,0.055833600461483
6,74,490,0.14589592814445496,-0.24456395208835602,0.1208575889468193,0.15063291788101196,-0.18903811275959015,0.12377088516950607,0.055803630501031876
6,75,491,0.14582565426826477,-0.2446451187133789,0.12084119021892548,0.15063291788101196,-0.18903811275959015,0.12377088516950607,0.0558912493288517
6,76,492,0.14596736431121826,-0.24448563158512115,0.12085156887769699,0.15063291788101196,-0.18903811275959015,0.12377088516950607,0.05571999028325081
6,77,493,0.1458462029695511,-0.2445945292711258,0.12083978205919266,0.15063291788101196,-0.18903811275959015,0.12377088516950607,0.05583922937512398
6,78,494,0.14580073952674866,-0.244597926735878,0.12084875255823135,0.15063291788101196,-0.18903811275959015,0.12377088516950607,0.05584605410695076
6,79,495,0.14585471153259277,-0.2444937378168106,0.12087011337280273,0.15063291788101196,-0.18903811275959015,0.12377088516950607,0.05573663115501404
6,80,496,0.14575143158435822,-0.2446184754371643,0.12084288150072098,0.15063291788101196,-0.18903811275959015,0.12377088516950607,0.05587109178304672
6,81,497,0.1457359343767166,-0.24460579454898834,0.1208508089184761,0.15063291788101196,-0.18903811275959015,0.12377088516950607,0.05585941672325134
6,82,498,0.14595061540603638,-0.24442054331302643,0.12084133177995682,0.15063291788101196,-0.18903811275959015,0.12377088516950607,0.05565716326236725
6,83,499,0.1458156406879425,-0.24451321363449097,0.1208411231637001,0.15063291788101196,-0.18903811275959015,0.12377088516950607,0.055760886520147324
6,84,500,0.14578144252300262,-0.24449975788593292,0.12085482478141785,0.15063291788101196,-0.18903811275959015,0.12377088516950607,0.05574974790215492
6,85,501,0.1457759439945221,-0.2444618046283722,0.12086904793977737,0.15063291788101196,-0.18903811275959015,0.12377088516950607,0.05571172758936882
6,86,502,0.1457059234380722,-0.2445547878742218,0.12084969878196716,0.15063291788101196,-0.18903811275959015,0.12377088516950607,0.055811379104852676
6,87,503,0.14573626220226288,-0.2444552332162857,0.12087775021791458,0.15063291788101196,-0.18903811275959015,0.12377088516950607,0.055708207190036774
6,88,504,0.14567288756370544,-0.24455636739730835,0.12085092067718506,0.15063291788101196,-0.18903811275959015,0.12377088516950607,0.05581580847501755
6,89,505,0.1456763595342636,-0.24449709057807922,0.12087255716323853,0.15063291788101196,-0.18903811275959015,0.12377088516950607,0.05575541406869888
6,90,506,0.14563210308551788,-0.24456538259983063,0.1208537369966507,0.15063291788101196,-0.18903811275959015,0.12377088516950607,0.0558282695710659
6,91,507,0.14576178789138794,-0.2443932592868805,0.12087634950876236,0.15063291788101196,-0.18903811275959015,0.12377088516950607,0.05564439296722412
6,92,508,0.14566554129123688,-0.2445150762796402,0.1208457350730896,0.15063291788101196,-0.18903811275959015,0.12377088516950607,0.05577566474676132
6,93,509,0.14566126465797424,-0.24448896944522858,0.12085593491792679,0.15063291788101196,-0.18903811275959015,0.12377088516950607,0.055749546736478806
6,94,510,0.14585106074810028,-0.2443023920059204,0.12086030840873718,0.15063291788101196,-0.18903811275959015,0.12377088516950607,0.0555470809340477
6,95,511,0.14573775231838226,-0.24440744519233704,0.12084446847438812,0.15063291788101196,-0.18903811275959015,0.12377088516950607,0.055662281811237335
6,96,512,0.14571602642536163,-0.2444077879190445,0.1208493784070015,0.15063291788101196,-0.18903811275959015,0.12377088516950607,0.05566427856683731
6,97,513,0.14593833684921265,-0.244196817278862,0.12085053324699402,0.15063291788101196,-0.18903811275959015,0.12377088516950607,0.05543510243296623
6,98,514,0.14581598341464996,-0.24429897964000702,0.12084084749221802,0.15063291788101196,-0.18903811275959015,0.12377088516950607,0.05554774031043053
6,99,515,0.14577236771583557,-0.24431447684764862,0.12084341049194336,0.15063291788101196,-0.18903811275959015,0.12377088516950607,0.05556682124733925
6,100,516,0.1459588259458542,-0.2441171407699585,0.12085315585136414,0.15063291788101196,-0.18903811275959015,0.12377088516950607,0.05535394698381424
6,101,517,0.145826518535614,-0.24423716962337494,0.12083844095468521,0.15063291788101196,-0.18903811275959015,0.12377088516950607,0.05548546090722084
6,102,518,0.14579664170742035,-0.24424125254154205,0.12084459513425827,0.15063291788101196,-0.18903811275959015,0.12377088516950607,0.055491793900728226
6,103,519,0.145966038107872,-0.2440565675497055,0.1208563968539238,0.15063291788101196,-0.18903811275959015,0.12377088516950607,0.055292896926403046
6,104,520,0.14583419263362885,-0.24418522417545319,0.12083728611469269,0.15063291788101196,-0.18903811275959015,0.12377088516950607,0.055433180183172226
6,105,521,0.14580602943897247,-0.244185671210289,0.1208442747592926,0.15063291788101196,-0.18903811275959015,0.12377088516950607,0.055435702204704285
6,106,522,0.14597374200820923,-0.2440020740032196,0.12085601687431335,0.15063291788101196,-0.18903811275959015,0.12377088516950607,0.055238042026758194
6,107,523,0.14584258198738098,-0.24413083493709564,0.12083727866411209,0.15063291788101196,-0.18903811275959015,0.12377088516950607,0.055378347635269165
6,108,524,0.14581458270549774,-0.24413134157657623,0.1208442822098732,0.15063291788101196,-0.18903811275959015,0.12377088516950607,0.05538091063499451
6,109,525,0.14597447216510773,-0.2439517378807068,0.12085764110088348,0.15063291788101196,-0.18903811275959015,0.12377088516950607,0.055187810212373734
6,110,526,0.1458456814289093,-0.24408136308193207,0.12083712965250015,0.15063291788101196,-0.18903811275959015,0.12377088516950607,0.05532887205481529
6,111,527,0.14581875503063202,-0.244081050157547,0.1208442896604538,0.15063291788101196,-0.18903811275959015,0.12377088516950607,0.05533051863312721
6,112,528,0.145974799990654,-0.24390336871147156,0.12085850536823273,0.15063291788101196,-0.18903811275959015,0.12377088516950607,0.055139608681201935
6,113,529,0.14584805071353912,-0.24403302371501923,0.12083741277456284,0.15063291788101196,-0.18903811275959015,0.12377088516950607,0.05528055876493454
6,114,530,0.14582206308841705,-0.2440318912267685,0.12084441632032394,0.15063291788101196,-0.18903811275959015,0.12377088516950607,0.055281318724155426
6,115,531,0.14597374200820923,-0.243856742978096,0.12085932493209839,0.15063291788101196,-0.18903811275959015,0.12377088516950607,0.05509325861930847
6,116,532,0.14584939181804657,-0.2439856380224228,0.12083785980939865,0.15063291788101196,-0.18903811275959015,0.12377088516950607,0.05523328110575676
6,117,533,0.1458241045475006,-0.2439844310283661,0.12084479629993439,0.15063291788101196,-0.18903811275959015,0.12377088516950607,0.0552339069545269
6,118,534,0.1459723562002182,-0.2438109815120697,0.12086012959480286,0.15063291788101196,-0.18903811275959015,0.12377088516950607,0.05504779890179634
6,119,535,0.14585047960281372,-0.24393978714942932,0.12083807587623596,0.15063291788101196,-0.18903811275959015,0.12377088516950607,0.05518756061792374
6,120,536,0.1458265483379364,-0.24393749237060547,0.12084496766328812,0.15063291788101196,-0.18903811275959015,0.12377088516950607,0.05518699064850807
6,121,537,0.14597174525260925,-0.2437659651041031,0.12086091190576553,0.15063291788101196,-0.18903811275959015,0.12377088516950607,0.05500302091240883
6,122,538,0.14585231244564056,-0.24389369785785675,0.12083859741687775,0.15063291788101196,-0.18903811275959015,0.12377088516950607,0.055141523480415344
6,123,539,0.1458291858434677,-0.24389129877090454,0.12084511667490005,0.15063291788101196,-0.18903811275959015,0.12377088516950607,0.05514080077409744
6,124,540,0.14597108960151672,-0.24372199177742004,0.12086156755685806,0.15063291788101196,-0.18903811275959015,0.12377088516950607,0.054959289729595184
6,125,541,0.1458536982536316,-0.24384847283363342,0.12083899974822998,0.15063291788101196,-0.18903811275959015,0.12377088516950607,0.05509639158844948
6,126,542,0.1458311527967453,-0.24384592473506927,0.12084513157606125,0.15063291788101196,-0.18903811275959015,0.12377088516950607,0.05509549006819725
6,127,543,0.14596909284591675,-0.2436787635087967,0.12086258828639984,0.15063291788101196,-0.18903811275959015,0.12377088516950607,0.054916393011808395
6,128,544,0.14585421979427338,-0.2438047230243683,0.12083928287029266,0.15063291788101196,-0.18903811275959015,0.12377088516950607,0.05505280941724777
6,129,545,0.14583277702331543,-0.24380169808864594,0.12084536999464035,0.15063291788101196,-0.18903811275959015,0.12377088516950607,0.05505134165287018
6,130,546,0.14596784114837646,-0.24363645911216736,0.12086329609155655,0.15063291788101196,-0.18903811275959015,0.12377088516950607,0.05487436801195145
6,131,547,0.14585524797439575,-0.24376116693019867,0.12083993852138519,0.15063291788101196,-0.18903811275959015,0.12377088516950607,0.055009353905916214
6,132,548,0.14583450555801392,-0.24375812709331512,0.12084559351205826,0.15063291788101196,-0.18903811275959015,0.12377088516950607,0.05500783771276474
6,133,549,0.14596562087535858,-0.24359533190727234,0.12086369842290878,0.15063291788101196,-0.18903811275959015,0.12377088516950607,0.05483361706137657
6,134,550,0.1458558589220047,-0.24371929466724396,0.1208401769399643,0.15063291788101196,-0.18903811275959015,0.12377088516950607,0.05496763437986374
6,135,551,0.14583611488342285,-0.2437160313129425,0.12084591388702393,0.15063291788101196,-0.18903811275959015,0.12377088516950607,0.054965801537036896
6,136,552,0.14596593379974365,-0.24355469644069672,0.12086407840251923,0.15063291788101196,-0.18903811275959015,0.12377088516950607,0.054793138056993484
6,137,553,0.14585790038108826,-0.24367690086364746,0.12084049731492996,0.15063291788101196,-0.18903811275959015,0.12377088516950607,0.05492526665329933
6,138,554,0.14583849906921387,-0.24367402493953705,0.12084589898586273,0.15063291788101196,-0.18903811275959015,0.12377088516950607,0.05492381006479263
6,139,555,0.145963653922081,-0.24351537227630615,0.1208646222949028,0.15063291788101196,-0.18903811275959015,0.12377088516950607,0.05475417897105217
6,140,556,0.14585813879966736,-0.24363666772842407,0.12084095180034637,0.15063291788101196,-0.18903811275959015,0.12377088516950607,0.054885201156139374
6,141,557,0.14583955705165863,-0.2436337023973465,0.1208459809422493,0.15063291788101196,-0.18903811275959015,0.12377088516950607,0.054883599281311035
6,142,558,0.14596238732337952,-0.24347683787345886,0.12086522579193115,0.15063291788101196,-0.18903811275959015,0.12377088516950607,0.05471591651439667
6,143,559,0.14585870504379272,-0.24359670281410217,0.12084128707647324,0.15063291788101196,-0.18903811275959015,0.12377088516950607,0.05484537407755852
6,144,560,0.14584064483642578,-0.24359390139579773,0.12084630876779556,0.15063291788101196,-0.18903811275959015,0.12377088516950607,0.05484389886260033
6,145,561,0.14596036076545715,-0.24343889951705933,0.12086574733257294,0.15063291788101196,-0.18903811275959015,0.12377088516950607,0.05467831715941429
6,146,562,0.14585302770137787,-0.24356700479984283,0.12083876132965088,0.15063291788101196,-0.18903811275959015,0.12377088516950607,0.05481646582484245
6,147,563,0.14583411812782288,-0.24356146156787872,0.1208454892039299,0.15063291788101196,-0.18903811275959015,0.12377088516950607,0.054812245070934296
6,148,564,0.14593081176280975,-0.24342381954193115,0.12086621671915054,0.15063291788101196,-0.18903811275959015,0.12377088516950607,0.05466582253575325
6,149,565,0.1458359956741333,-0.24353986978530884,0.12084174901247025,0.1286289095878601,-0.24761545658111572,0.15479826927185059,0.03828497603535652
6,150,566,0.14525362849235535,-0.24406307935714722,0.12084478884935379,0.1286289095878601,-0.24761545658111572,0.15479826927185059,0.037971559911966324
6,151,567,0.14399732649326324,-0.24515049159526825,0.12085853517055511,0.1286289095878601,-0.24761545658111572,0.15479826927185059,0.037338580936193466
6,152,568,0.14268407225608826,-0.24625030159950256,0.12089279294013977,0.1286289095878601,-0.24761545658111572,0.15479826927185059,0.036728635430336
6,153,569,0.14168940484523773,-0.2470703423023224,0.12091533839702606,0.1286289095878601,-0.24761545658111572,0.15479826927185059,0.03631702810525894
6,154,570,0.14081215858459473,-0.24779726564884186,0.12092335522174835,0.1286289095878601,-0.24761545658111572,0.15479826927185059,0.03599964454770088
6,155,571,0.1401526927947998,-0.24833038449287415,0.12092868238687515,0.1286289095878601,-0.24761545658111572,0.15479826927185059,0.03578348085284233
6,156,572,0.13960440456867218,-0.24874159693717957,0.12093259394168854,0.1286289095878601,-0.24761545658111572,0.15479826927185059,0.03561760112643242
6,157,573,0.13917599618434906,-0.2490687370300293,0.12093045562505722,0.1286289095878601,-0.24761545658111572,0.15479826927185059,0.03550185635685921
6,158,574,0.13880446553230286,-0.24935023486614227,0.12092515081167221,0.1286289095878601,-0.24761545658111572,0.15479826927185059,0.035411007702350616
6,159,575,0.13850010931491852,-0.24959440529346466,0.12091957032680511,0.1286289095878601,-0.24761545658111572,0.15479826927185059,0.03534293547272682
6,160,576,0.13799326121807098,-0.2501446306705475,0.12090634554624557,0.1286289095878601,-0.24761545658111572,0.15479826927185059,0.03525266423821449
6,161,577,0.1372930407524109,-0.2508559226989746,0.12090185284614563,0.1286289095878601,-0.24761545658111572,0.15479826927185059,0.03513594716787338
6,162,578,0.13685715198516846,-0.2512507438659668,0.12090253084897995,0.1286289095878601,-0.24761545658111572,0.15479826927185059,0.03506908193230629
6,163,579,0.13643372058868408,-0.25170430541038513,0.1208956390619278,0.1286289095878601,-0.24761545658111572,0.15479826927185059,0.03502887487411499
6,164,580,0.1360177993774414,-0.2521511912345886,0.12089172750711441,0.1286289095878601,-0.24761545658111572,0.15479826927185059,0.03499745950102806
6,165,581,0.1356581449508667,-0.2525579035282135,0.12088946998119354,0.1286289095878601,-0.24761545658111572,0.15479826927185059,0.03498063236474991
6,166,582,0.1352643370628357,-0.25301602482795715,0.12088674306869507,0.1286289095878601,-0.24761545658111572,0.15479826927185059,0.03497408330440521
6,167,583,0.13489480316638947,-0.2534555196762085,0.120884969830513,0.1286289095878601,-0.24761545658111572,0.15479826927185059,0.03497827425599098
6,168,584,0.13455753028392792,-0.2538636028766632,0.12088306248188019,0.1286289095878601,-0.24761545658111572,0.15479826927185059,0.03499184176325798
6,169,585,0.13426074385643005,-0.25423067808151245,0.1208810806274414,0.1286289095878601,-0.24761545658111572,0.15479826927185059,0.03501220420002937
6,170,586,0.1340385377407074,-0.2545303404331207,0.12088209390640259,0.1286289095878601,-0.24761545658111572,0.15479826927185059,0.03503407910466194
6,171,587,0.1338626891374588,-0.25479111075401306,0.12088119983673096,0.1286289095878601,-0.24761545658111572,0.15479826927185059,0.035060662776231766
6,172,588,0.13373540341854095,-0.25499624013900757,0.12088069319725037,0.1286289095878601,-0.24761545658111572,0.15479826927185059,0.035084959119558334
6,173,589,0.13364991545677185,-0.2551475465297699,0.12087958306074142,0.1286289095878601,-0.24761545658111572,0.15479826927185059,0.03510584309697151
6,174,590,0.13356898725032806,-0.25528112053871155,0.12087976932525635,0.1286289095878601,-0.24761545658111572,0.15479826927185059,0.03512308746576309
6,175,591,0.13349631428718567,-0.2553984522819519,0.12087859213352203,0.1286289095878601,-0.24761545658111572,0.15479826927185059,0.03513988107442856
6,176,592,0.13346810638904572,-0.25544285774230957,0.12087617814540863,0.1286289095878601,-0.24761545658111572,0.15479826927185059,0.03514817729592323
6,177,593,0.1335315853357315,-0.2553594708442688,0.12089257687330246,0.1286289095878601,-0.24761545658111572,0.15479826927185059,0.035122670233249664
6,178,594,0.13363666832447052,-0.2552732229232788,0.12089776992797852,0.1286289095878601,-0.24761545658111572,0.15479826927185059,0.03511357307434082
6,179,595,0.13373561203479767,-0.25519344210624695,0.12090256810188293,0.1286289095878601,-0.24761545658111572,0.15479826927185059,0.035105880349874496
6,180,596,0.13381613790988922,-0.2551271915435791,0.12090697884559631,0.1286289095878601,-0.24761545658111572,0.15479826927185059,0.03509918972849846
6,181,597,0.13387621939182281,-0.2550761103630066,0.12091071903705597,0.1286289095878601,-0.24761545658111572,0.15479826927185059,0.03509360924363136
6,182,598,0.1339174211025238,-0.25503915548324585,0.12091381847858429,0.1286289095878601,-0.24761545658111572,0.15479826927185059,0.03508896753191948
6,183,599,0.1339425891637802,-0.25501424074172974,0.12091625481843948,0.1286289095878601,-0.24761545658111572,0.15479826927185059,0.035085152834653854
